<?xml version="1.0" encoding="UTF-8"?>
<beans xmlns="http://www.springframework.org/schema/beans" xmlns:context="http://www.springframework.org/schema/context" xmlns:mvc="http://www.springframework.org/schema/mvc"
	xmlns:xsi="http://www.w3.org/2001/XMLSchema-instance"
	xsi:schemaLocation="
   http://www.springframework.org/schema/beans    
   http://www.springframework.org/schema/beans/spring-beans-4.0.xsd
   http://www.springframework.org/schema/context
   http://www.springframework.org/schema/context/spring-context-4.0.xsd
   http://www.springframework.org/schema/mvc   
   http://www.springframework.org/schema/mvc/spring-mvc-4.0.xsd">

	<context:component-scan base-package="com.kxm" />
	<mvc:annotation-driven>
		<!-- 消息转换器 -->
		<mvc:message-converters register-defaults="true">
			<bean class="org.springframework.http.converter.StringHttpMessageConverter">
				<property name="supportedMediaTypes" value="text/html;charset=UTF-8" />
			</bean>
		</mvc:message-converters>
	</mvc:annotation-driven>

	<mvc:resources mapping="/css/**" location="/css/" />
	<mvc:resources mapping="/js/**" location="/js/" />
	<mvc:resources mapping="/pages/**" location="/pages/" />

</beans>