<?xml version="1.0"?>
<beans xmlns="http://www.springframework.org/schema/beans" xmlns:xsi="http://www.w3.org/2001/XMLSchema-instance" xmlns:mvc="http://www.springframework.org/schema/mvc"
	xmlns:p="http://www.springframework.org/schema/p" xmlns:context="http://www.springframework.org/schema/context" xmlns:aop="http://www.springframework.org/schema/aop"
	xmlns:tx="http://www.springframework.org/schema/tx" xmlns:util="http://www.springframework.org/schema/util"
	xsi:schemaLocation="http://www.springframework.org/schema/beans
           http://www.springframework.org/schema/beans/spring-beans-3.0.xsd
           http://www.springframework.org/schema/context 
           http://www.springframework.org/schema/context/spring-context-3.0.xsd
           http://www.springframework.org/schema/aop 
           http://www.springframework.org/schema/aop/spring-aop-3.0.xsd
           http://www.springframework.org/schema/tx 
           http://www.springframework.org/schema/tx/spring-tx-3.0.xsd
           http://www.springframework.org/schema/mvc 
           http://www.springframework.org/schema/mvc/spring-mvc-3.0.xsd
           http://www.springframework.org/schema/context 
           http://www.springframework.org/schema/context/spring-context-3.0.xsd
           http://www.springframework.org/schema/util
           http://www.springframework.org/schema/util/spring-util-3.0.xsd">

	<!-- auto scan injection beans -->
	<context:component-scan base-package="com.kxm.kcgl" />
	
	<!-- load the jdbc configuration -->
	<context:property-placeholder location="classpath:jdbc.properties" />

	<bean id="dataSource" class="org.apache.commons.dbcp.BasicDataSource">
		<property name="driverClassName" value="${driverClassName}" />
		<property name="url" value="${url}" />
		<property name="username" value="${username}" />
		<property name="password" value="${password}" />
		<!-- <property name="validationQuery" value="select * from dual" /> -->
	</bean>

	<!-- <bean id="sqlSessionTemplate" class="org.mybatis.spring.SqlSessionTemplate"> <constructor-arg index="0" ref="sqlSessionFactory" /> </bean> -->

	<bean id="jdbcTemplate" class="org.springframework.jdbc.core.JdbcTemplate">
		<property name="dataSource" ref="dataSource" />
	</bean>
	
	<bean id="namedParameterJdbcTemplate" class="org.springframework.jdbc.core.namedparam.NamedParameterJdbcTemplate">
		<constructor-arg name="dataSource" ref="dataSource" />
	</bean>
	
	<!-- Transaction configuration -->
	<bean id="transactionManager" class="org.springframework.jdbc.datasource.DataSourceTransactionManager">
		<property name="dataSource">
			<ref bean="dataSource" />
		</property>
	</bean>

	<bean id="transactionInterceptor" class="org.springframework.transaction.interceptor.TransactionInterceptor">
		<property name="transactionManager" ref="transactionManager" />
		<property name="transactionAttributes">
			<props>
				<prop key="get*">
					readOnly,ISOLATION_DEFAULT,-Exception
				</prop>
				<prop key="query*">
					readOnly,ISOLATION_DEFAULT,-Exception
				</prop>
				<prop key="find*">
					readOnly,ISOLATION_DEFAULT,-Exception
				</prop>
				<prop key="search*">
					readOnly,ISOLATION_DEFAULT,-Exception
				</prop>
				<prop key="insert*">PROPAGATION_REQUIRED</prop>
				<prop key="delete*">PROPAGATION_REQUIRED</prop>
				<prop key="update*">PROPAGATION_REQUIRED</prop>

				<prop key="add*">PROPAGATION_REQUIRED</prop>
				<prop key="remove*">PROPAGATION_REQUIRED</prop>
				<prop key="modify*">PROPAGATION_REQUIRED</prop>

				<prop key="execute*">PROPAGATION_REQUIRED</prop>
				<prop key="do*">PROPAGATION_REQUIRED</prop>
				<prop key="edit*">PROPAGATION_REQUIRED</prop>
				<prop key="save*">PROPAGATION_REQUIRED</prop>

				<prop key="*">
					PROPAGATION_SUPPORTS,ISOLATION_DEFAULT,-Exception
				</prop>
			</props>
		</property>
	</bean>

	<bean class="org.springframework.aop.framework.autoproxy.BeanNameAutoProxyCreator">
		<property name="beanNames">
			<list>
				<value>*Service</value>
			</list>
		</property>
		<property name="interceptorNames">
			<list>
				<value>transactionInterceptor</value>
			</list>
		</property>
	</bean>
</beans>
