<?xml version="1.0" encoding="UTF-8"?>
<!DOCTYPE log4j:configuration SYSTEM "log4j.dtd">
<log4j:configuration xmlns:log4j="http://jakarta.apache.org/log4j/">

	<appender name="STDOUT" class="org.apache.log4j.ConsoleAppender">
		<layout class="org.apache.log4j.PatternLayout" />
		<filter class="org.apache.log4j.varia.LevelRangeFilter">
			<param name="LevelMax" value="TRACE" />
			<param name="LevelMin" value="TRACE" />
		</filter>
	</appender>

	<appender name="ERROR" class="org.apache.log4j.RollingFileAppender">
		<param name="File" value="D:\\error.log" />
		<param name="Append" value="true" />
		<param name="MaxFileSize" value="500KB" />
		<param name="MaxBackupIndex" value="2" />
		<layout class="org.apache.log4j.PatternLayout" />
		<filter class="org.apache.log4j.varia.LevelRangeFilter">
			<param name="LevelMax" value="ERROR" />
			<param name="LevelMin" value="ERROR" />
		</filter>
	</appender>

	<appender name="DEBUG" class="org.apache.log4j.RollingFileAppender">
		<param name="File" value="D:\\debug.log" />
		<param name="Append" value="true" />
		<param name="MaxFileSize" value="500KB" />
		<param name="MaxBackupIndex" value="2" />
		<layout class="org.apache.log4j.PatternLayout" />
		<filter class="org.apache.log4j.varia.LevelRangeFilter">
			<param name="LevelMax" value="DEBUG" />
			<param name="LevelMin" value="DEBUG" />
		</filter>
	</appender>

	<appender name="INFO" class="org.apache.log4j.RollingFileAppender">
		<param name="File" value="D:\\info.log" />
		<param name="Append" value="true" />
		<param name="MaxFileSize" value="500KB" />
		<param name="MaxBackupIndex" value="2" />
		<layout class="org.apache.log4j.PatternLayout" />
		<filter class="org.apache.log4j.varia.LevelRangeFilter">
			<param name="LevelMax" value="INFO" />
			<param name="LevelMin" value="INFO" />
		</filter>
	</appender>

	<logger name="org.springframework">
		<level value="ERROR" />
		<appender-ref ref="ERROR" />
	</logger>

	<logger name="com.sun.faces">
		<level value="ERROR" />
		<appender-ref ref="ERROR" />
	</logger>

	<root>
		<appender-ref ref="STDOUT" />
		<appender-ref ref="ERROR" />
		<appender-ref ref="DEBUG" />
		<appender-ref ref="INFO" />
	</root>
</log4j:configuration>