-- --------------------------------------------------------
-- 主机:                           127.0.0.1
-- 服务器版本:                        5.6.21-log - MySQL Community Server (GPL)
-- 服务器操作系统:                      Win64
-- HeidiSQL 版本:                  9.1.0.4867
-- --------------------------------------------------------

/*!40101 SET @OLD_CHARACTER_SET_CLIENT=@@CHARACTER_SET_CLIENT */;
/*!40101 SET NAMES utf8mb4 */;
/*!40014 SET @OLD_FOREIGN_KEY_CHECKS=@@FOREIGN_KEY_CHECKS, FOREIGN_KEY_CHECKS=0 */;
/*!40101 SET @OLD_SQL_MODE=@@SQL_MODE, SQL_MODE='NO_AUTO_VALUE_ON_ZERO' */;

-- 导出 kcgl 的数据库结构
DROP DATABASE IF EXISTS `kcgl`;
CREATE DATABASE IF NOT EXISTS `kcgl` /*!40100 DEFAULT CHARACTER SET utf8 */;
USE `kcgl`;


-- 导出  表 kcgl.tmp_kucun_20150817 结构
DROP TABLE IF EXISTS `tmp_kucun_20150817`;
CREATE TABLE IF NOT EXISTS `tmp_kucun_20150817` (
  `product_no` varchar(50) NOT NULL,
  `brand_name` varchar(200) DEFAULT NULL,
  `product_name` varchar(200) DEFAULT NULL,
  `thickness_name` varchar(200) DEFAULT NULL,
  `tech_name` varchar(200) DEFAULT NULL,
  `quantity_name` varchar(200) DEFAULT NULL,
  `stock_amount` int(11) DEFAULT NULL,
  `price` double(10,2) DEFAULT NULL,
  `identify_name` varchar(200) DEFAULT NULL,
  `manufactor_name` varchar(200) DEFAULT NULL,
  PRIMARY KEY (`product_no`)
) ENGINE=InnoDB DEFAULT CHARSET=utf8;

-- 正在导出表  kcgl.tmp_kucun_20150817 的数据：~999 rows (大约)
DELETE FROM `tmp_kucun_20150817`;
/*!40000 ALTER TABLE `tmp_kucun_20150817` DISABLE KEYS */;
INSERT INTO `tmp_kucun_20150817` (`product_no`, `brand_name`, `product_name`, `thickness_name`, `tech_name`, `quantity_name`, `stock_amount`, `price`, `identify_name`, `manufactor_name`) VALUES
	('002', '苹果', 'iphone5 ', '0.4', '2.5D', 'B品', 790, 0.00, '通用标', '晟煜'),
	('004', '苹果', 'iphone5 ', '0.33', '2.5D', 'B品', 1403, 0.00, '通用标', '晟煜'),
	('006', '苹果', 'iphone4', '0.4', '2.5D', 'B品', 50, 0.00, '通用标', '晟煜'),
	('008', '苹果', 'iphone4', '0.33', '2.5D', 'B品', 853, 0.00, '通用标', '晟煜'),
	('010', 'HTC', 'HTC M7 ', '0.4', '2.5D', 'B品', 150, 0.00, '通用标', '晟煜'),
	('012', 'HTC', 'HTC M7 ', '0.33', '2.5D', 'B品', 100, 0.00, '通用标', '晟煜'),
	('014', 'HTC', 'HTC m8 ', '0.4', '2.5D', 'B品', 1600, 0.00, '通用标', '晟煜'),
	('016', 'HTC', 'HTC m8 ', '0.33', '2.5D', 'B品', 0, 0.00, '通用标', '晟煜'),
	('018', 'HTC', 'HTC one max', '0.4', '2.5D', 'B品', 450, 0.00, '通用标', '晟煜'),
	('020', 'HTC', 'HTC one max', '0.33', '2.5D', 'B品', 100, 0.00, '通用标', '晟煜'),
	('022', 'HTC', 'HTC 626', '0.4', '2.5D', 'B品', 0, 0.00, '通用标', '晟煜'),
	('024', 'HTC', 'HTC 626', '0.33', '2.5D', 'B品', 933, 0.00, '通用标', '晟煜'),
	('026', '三星', '三星9082 ', '0.4', '2.5D', 'B品', 1650, 0.00, '通用标', '晟煜'),
	('028', '三星', '三星9082 ', '0.33', '2.5D', 'B品', 50, 0.00, '通用标', '晟煜'),
	('030', '三星', '三星NOTE2 ', '0.4', '2.5D', 'B品', 0, 0.00, '通用标', '晟煜'),
	('032', '三星', '三星NOTE2 ', '0.33', '2.5D', 'B品', 200, 0.00, '通用标', '晟煜'),
	('034', '三星', '三星NOTE3 ', '0.4', '2.5D', 'B品', 5750, 0.00, '通用标', '晟煜'),
	('036', '三星', '三星NOTE3 ', '0.33', '2.5D', 'B品', 570, 0.00, '通用标', '晟煜'),
	('038', '三星', '三星S3mini', '0.4', '2.5D', 'B品', 550, 0.00, '通用标', '晟煜'),
	('04', '客供图', '摩派 三星 note2', '0.33', '2.5D', 'B品', 0, 0.00, '摩派标', '晟煜'),
	('040', '三星', '三星S3mini', '0.33', '2.5D', 'B品', 0, 0.00, '通用标', '晟煜'),
	('042', '诺基亚', '诺基亚 730', '0.4', '2.5D', 'B品', 0, 0.00, '通用标', '晟煜'),
	('044', '诺基亚', '诺基亚 730', '0.33', '2.5D', 'B品', 136, 0.00, '通用标', '晟煜'),
	('046', '三星', '三星8552 ', '0.4', '2.5D', 'B品', 148, 0.00, '通用标', '晟煜'),
	('048', '三星', '三星8552 ', '0.33', '2.5D', 'B品', 300, 0.00, '通用标', '晟煜'),
	('050', '三星', '三星7106 ', '0.4', '2.5D', 'B品', 627, 0.00, '通用标', '晟煜'),
	('052', '三星', '三星7106', '0.33', '2.5D', 'B品', 100, 0.00, '通用标', '晟煜'),
	('054', '三星', '三星S3', '0.4', '2.5D', 'B品', 0, 0.00, '通用标', '晟煜'),
	('056', '三星', '三星S3', '0.33', '2.5D', 'B品', 927, 0.00, '通用标', '晟煜'),
	('058', '三星', '三星S4', '0.4', '2.5D', 'B品', 0, 0.00, '通用标', '晟煜'),
	('060', '三星', '三星S4', '0.33', '2.5D', 'B品', 0, 0.00, '通用标', '晟煜'),
	('062', '三星', '三星S5 ', '0.4', '2.5D', 'B品', 2200, 0.00, '通用标', '晟煜'),
	('064', '三星', '三星S5 ', '0.33', '2.5D', 'B品', 3101, 0.00, '通用标', '晟煜'),
	('066', '三星', '三星9220 ', '0.4', '2.5D', 'B品', 1000, 0.00, '通用标', '晟煜'),
	('068', '三星', '三星9220', '0.33', '2.5D', 'B品', 100, 0.00, '通用标', '晟煜'),
	('070', '三星', '三星8262 ', '0.4', '2.5D', 'B品', 300, 0.00, '通用标', '晟煜'),
	('072', '三星', '三星8262 ', '0.33', '2.5D', 'B品', 100, 0.00, '通用标', '晟煜'),
	('074', '三星', '三星S4mini ', '0.4', '2.5D', 'B品', 1350, 0.00, '通用标', '晟煜'),
	('076', '三星', '三星S4mini ', '0.33', '2.5D', 'B品', 450, 0.00, '通用标', '晟煜'),
	('078', '三星', '三星i9200', '0.4', '2.5D', 'B品', 145, 0.00, '通用标', '晟煜'),
	('080', '三星', '三星i9200', '0.33', '2.5D', 'B品', 30, 0.00, '通用标', '晟煜'),
	('082', '三星', '三星i9100 ', '0.4', '2.5D', 'B品', 500, 0.00, '通用标', '晟煜'),
	('084', '三星', '三星i9100 ', '0.33', '2.5D', 'B品', 1364, 0.00, '通用标', '晟煜'),
	('086', '三星', '三星i9150 ', '0.4', '2.5D', 'B品', 250, 0.00, '通用标', '晟煜'),
	('088', '三星', '三星i9150 ', '0.33', '2.5D', 'B品', 100, 0.00, '通用标', '晟煜'),
	('090', '留空', '留空', '0.4', '2.5D', 'B品', 0, 0.00, '通用标', '晟煜'),
	('092', '留空', '留空', '0.33', '2.5D', 'B品', 0, 0.00, '通用标', '晟煜'),
	('094', '三星', '三星N7505', '0.4', '2.5D', 'B品', 0, 0.00, '通用标', '晟煜'),
	('096', '三星', '三星N7505', '0.33', '2.5D', 'B品', 200, 0.00, '通用标', '晟煜'),
	('098', '索尼', '索尼 Z2国际版\n', '0.4', '2.5D', 'B品', 0, 0.00, '通用标', '晟煜'),
	('100', '索尼', '索尼 Z2国际版\n', '0.33', '2.5D', 'B品', 450, 0.00, '通用标', '晟煜'),
	('1000', '索尼', '索尼Z2移动版 后膜', '0.33', '2.5D', 'B品', 4050, 0.00, '通用标', '晟煜'),
	('100001', '富士通', '富士通F-03G', '0.4', '2.5D', 'B品', 620, 0.00, '通用标', '晟煜'),
	('100002', '三星', '摩派 三星S4', '0.33', '2.5D', 'B品', 1000, 0.00, '摩派标', '晟煜'),
	('100003', '三星', '三星 9060', '0.4', '2.5D', 'B品', 300, 0.00, '通用标', '晟煜'),
	('100004', '三星', '三星 9060', '0.33', '2.5D', 'B品', 250, 0.00, '通用标', '晟煜'),
	('100005', '三星', '三星  S7562', '0.4', '2.5D', 'B品', 0, 0.00, '通用标', '晟煜'),
	('100006', '三星', '三星  S7582', '0.33', '2.5D', 'B品', 900, 0.00, '通用标', '晟煜'),
	('100007', '苹果', 'iphone6(4.7寸)蓝光膜', '0.33', '2.5D', 'B品', 8890, 0.00, '蓝光膜', '晟煜'),
	('100008', '苹果', 'iphone6(5.5寸)蓝光膜', '0.33', '2.5D', 'B品', 2100, 0.00, '蓝光膜', '晟煜'),
	('100009', '苹果', 'iphone5 蓝光膜', '0.33', '2.5D', 'B品', 13363, 0.00, '蓝光膜', '晟煜'),
	('100010', '三星', '三星  S7562', '0.33', '2.5D', 'B品', 0, 0.00, '通用标', '晟煜'),
	('100011', 'Moto', 'moto g3  摩', '0.33', '2.5D', 'B品', 1019, 0.00, '摩派标', '晟煜'),
	('100012', '京瓷', '京瓷6740 摩', '0.33', '2.5D', 'B品', 232, 0.00, '摩派标', '晟煜'),
	('100013', '苹果', 'iphone6(5.5寸) MP', '0.33', '2.5D', 'B品', 0, 0.00, 'MP标', '晟煜'),
	('100014', 'Moto', 'moto xt1254  摩', '0.33', '2.5D', 'B品', 365, 0.00, '摩派标蓝膜', '晟煜'),
	('100015', '三星', '三星9082 无标', '0.33', '2.5D', 'B品', 0, 0.00, '不贴标', '晟煜'),
	('100016', '索尼', '索尼Z3 无标', '0.33', '2.5D', 'B品', 0, 0.00, '不贴标', '晟煜'),
	('100017', '三星', '三星9200 无标', '0.33', '2.5D', 'B品', 800, 0.00, '不贴标', '晟煜'),
	('100018', 'LG', 'LG vs880  摩', '0.33', '2.5D', 'B品', 210, 0.00, '摩派标', '晟煜'),
	('100019', '苹果', 'iphone6(4.7寸) MP', '0.33', '2.5D', 'B品', 0, 0.00, 'MP标', '晟煜'),
	('100020', '步步高', '步步高Y18  无标', '0.33', '2.5D', 'B品', 166, 0.00, '不贴标', '晟煜'),
	('100021', '谷歌', '谷歌5   无标', '0.33', '2.5D', 'B品', 49, 0.00, '不贴标', '晟煜'),
	('100022', '酷派', '酷派Note 无标', '0.33', '2.5D', 'B品', 49, 0.00, '不贴标', '晟煜'),
	('100023', '三星', '三星S7262', '0.4', '2.5D', 'B品', 0, 0.00, '通用标', '晟煜'),
	('100024', '华为', '华为Y360', '0.33', '2.5D', 'B品', 33, 0.00, '通用标', '晟煜'),
	('100025', '三星', '三星S5   MP', '0.33', '2.5D', 'B品', 260, 0.00, 'MP标', '晟煜'),
	('100026', '三星', '三星note5  摩', '0.33', '2.5D', 'B品', 1018, 0.00, '摩派标蓝膜', '晟煜'),
	('100027', 'HTC', 'HTC 626   MP', '0.33', '2.5D', 'B品', 676, 0.00, 'MP标', '晟煜'),
	('100028', 'LG', 'LG C40  摩', '0.33', '2.5D', 'B品', 1160, 0.00, '摩派标', '晟煜'),
	('100029', '苹果', 'iphone5 摩', '0.33', '2.5D', 'B品', 165, 0.00, '摩派标', '晟煜'),
	('100032', '阿尔卡特', '阿尔卡特 7046  MP', '0.33', '2.5D', 'B品', 308, 0.00, 'MP标', '晟煜'),
	('100033', '步步高', '步步高 Xshot', '0.33', '2.5D', 'B品', 0, 0.00, '不贴标', '晟煜'),
	('1002', '一加', '一加1代', '0.4', '2.5D', 'B品', 3500, 0.00, '通用标', '晟煜'),
	('1004', '一加', '一加1代', '0.33', '2.5D', 'B品', 2615, 0.00, '通用标', '晟煜'),
	('1006', '酷派', '酷派5951', '0.4', '2.5D', 'B品', 5550, 0.00, '通用标', '晟煜'),
	('1008', '酷派', '酷派5951', '0.33', '2.5D', 'B品', 4200, 0.00, '通用标', '晟煜'),
	('1010', '联想', '联想S90', '0.4', '2.5D', 'B品', 850, 0.00, '通用标', '晟煜'),
	('1012', '联想', '联想S90', '0.33', '2.5D', 'B品', 3497, 0.00, '通用标', '晟煜'),
	('1014', '留空', '留空', '0.4', '2.5D', 'B品', 0, 0.00, '通用标', '晟煜'),
	('1016', '留空', '留空', '0.33', '2.5D', 'B品', 0, 0.00, '通用标', '晟煜'),
	('1018', '联想', '联想S810', '0.4', '2.5D', 'B品', 4950, 0.00, '通用标', '晟煜'),
	('102', '索尼', '索尼L36H', '0.4', '2.5D', 'B品', 0, 0.00, '通用标', '晟煜'),
	('1020', '联想', '联想S810', '0.33', '2.5D', 'B品', 3750, 0.00, '通用标', '晟煜'),
	('1022', '华为', '华为荣耀6 Plus 后膜', '0.4', '2.5D', 'B品', 0, 0.00, '通用标', '晟煜'),
	('1024', '华为', '华为荣耀6 Plus 后膜', '0.33', '2.5D', 'B品', 0, 0.00, '通用标', '晟煜'),
	('1026', '苹果', 'iPod touch 4', '0.4', '2.5D', 'B品', 0, 0.00, '通用标', '晟煜'),
	('1028', '苹果', 'iPod touch 4', '0.33', '2.5D', 'B品', 0, 0.00, '通用标', '晟煜'),
	('1030', '苹果', 'iPod touch 5', '0.4', '2.5D', 'B品', 0, 0.00, '通用标', '晟煜'),
	('1032', '苹果', 'iPod touch 5', '0.33', '2.5D', 'B品', 2827, 0.00, '通用标', '晟煜'),
	('1034', '索尼', '索尼XL39h', '0.4', '2.5D', 'B品', 8950, 0.00, '通用标', '晟煜'),
	('1036', '索尼', '索尼XL39h', '0.33', '2.5D', 'B品', 78, 0.00, '通用标', '晟煜'),
	('1038', '美图', '美图M2', '0.4', '2.5D', 'B品', 3170, 0.00, '通用标', '晟煜'),
	('104', '索尼', '索尼L36H', '0.33', '2.5D', 'B品', 0, 0.00, '通用标', '晟煜'),
	('1040', '美图', '美图M2', '0.33', '2.5D', 'B品', 0, 0.00, '通用标', '晟煜'),
	('1042', '联想', '联想 A3000 平板', '0.4', '2.5D', 'B品', 3164, 0.00, '通用标', '晟煜'),
	('1044', '联想', '联想 A3000 平板', '0.33', '2.5D', 'B品', 0, 0.00, '通用标', '晟煜'),
	('1046', '联想', '联想 A3300 平板', '0.4', '2.5D', 'B品', 3338, 0.00, '通用标', '晟煜'),
	('1048', '联想', '联想 A3300 平板', '0.33', '2.5D', 'B品', 0, 0.00, '通用标', '晟煜'),
	('1050', '步步高', '步步高 X1', '0.4', '2.5D', 'B品', 100, 0.00, '通用标', '晟煜'),
	('1052', '步步高', '步步高 X1', '0.33', '2.5D', 'B品', 1700, 0.00, '通用标', '晟煜'),
	('1054', '中兴', '中兴 星星1号', '0.4', '2.5D', 'B品', 8750, 0.00, '通用标', '晟煜'),
	('1056', '中兴', '中兴 星星1号', '0.33', '2.5D', 'B品', 2800, 0.00, '通用标', '晟煜'),
	('1058', '联想', '联想S920', '0.4', '2.5D', 'B品', 4500, 0.00, '通用标', '晟煜'),
	('106', '索尼', '索尼T2 ', '0.4', '2.5D', 'B品', 1150, 0.00, '通用标', '晟煜'),
	('1060', '联想', '联想S920', '0.33', '2.5D', 'B品', 4800, 0.00, '通用标', '晟煜'),
	('1062', '索尼', '索尼 M4', '0.4', '2.5D', 'B品', 0, 0.00, '通用标', '晟煜'),
	('1064', '索尼', '索尼 M4', '0.33', '2.5D', 'B品', 250, 0.00, '通用标', '晟煜'),
	('1066', '索尼', '索尼 E4G', '0.4', '2.5D', 'B品', 0, 0.00, '通用标', '晟煜'),
	('1068', '索尼', '索尼 E4G', '0.33', '2.5D', 'B品', -150, 0.00, '通用标', '晟煜'),
	('1070', '中兴', '中兴 V5', '0.4', '2.5D', 'B品', 1388, 0.00, '通用标', '晟煜'),
	('1072', '中兴', '中兴 V5', '0.33', '2.5D', 'B品', 2150, 0.00, '通用标', '晟煜'),
	('1074', '联想', '联想 S930', '0.4', '2.5D', 'B品', 5000, 0.00, '通用标', '晟煜'),
	('1076', '联想', '联想 S930', '0.33', '2.5D', 'B品', 1950, 0.00, '通用标', '晟煜'),
	('1078', '诺基亚', '诺基亚 435', '0.4', '2.5D', 'B品', 0, 0.00, '通用标', '晟煜'),
	('108', '索尼', '索尼T2', '0.33', '2.5D', 'B品', 690, 0.00, '通用标', '晟煜'),
	('1080', '诺基亚', '诺基亚 435', '0.33', '2.5D', 'B品', 0, 0.00, '通用标', '晟煜'),
	('1082', 'HTC', 'HTC 601', '0.4', '2.5D', 'B品', 13700, 0.00, '通用标', '晟煜'),
	('1084', 'HTC', 'HTC 601', '0.33', '2.5D', 'B品', 5000, 0.00, '通用标', '晟煜'),
	('1086', '联想', '联想A3500 平板', '0.4', '2.5D', 'B品', 0, 0.00, '通用标', '晟煜'),
	('1088', '联想', '联想A3500 平板', '0.33', '2.5D', 'B品', 0, 0.00, '通用标', '晟煜'),
	('1090', '三星', '三星P3100 平板', '0.4', '0.4', '', 87, NULL, '通用标', '晟煜'),
	('1092', '三星', '三星P3100 平板', '0.33', '2.5D', 'B品', 0, 0.00, '通用标', '晟煜'),
	('1094', '三星', '三星P600 平板', '0.4', '0.4', '', 473, NULL, '通用标', '晟煜'),
	('1096', '三星', '三星P600 平板', '0.33', '2.5D', 'B品', 0, 0.00, '通用标', '晟煜'),
	('1098', '诺基亚', '诺基亚830', '0.4', '2.5D', 'B品', 1950, 0.00, '通用标', '晟煜'),
	('110', '索尼', '索尼S36H', '0.4', '2.5D', 'B品', 1150, 0.00, '通用标', '晟煜'),
	('1100', '诺基亚', '诺基亚830', '0.33', '2.5D', 'B品', 8245, 0.00, '通用标', '晟煜'),
	('1102', '华为', '华为G630', '0.4', '2.5D', 'B品', 0, 0.00, '通用标', '晟煜'),
	('1104', '华为', '华为G630', '0.33', '2.5D', 'B品', 0, 0.00, '通用标', '晟煜'),
	('1106', '华为', '华为荣耀3C畅玩版', '0.4', '2.5D', 'B品', 750, 0.00, '通用标', '晟煜'),
	('1108', '华为', '华为荣耀3C畅玩版', '0.33', '2.5D', 'B品', 4686, 0.00, '通用标', '晟煜'),
	('1110', 'LG', 'LG C40', '0.4', '2.5D', 'B品', 0, 0.00, '通用标', '晟煜'),
	('1112', 'LG', 'LG C40', '0.33', '2.5D', 'B品', 2778, 0.00, '通用标', '晟煜'),
	('1114', '诺基亚', '诺基亚920', '0.4', '2.5D', 'B品', 4300, 0.00, '通用标', '晟煜'),
	('1116', '诺基亚', '诺基亚920', '0.33', '2.5D', 'B品', 3950, 0.00, '通用标', '晟煜'),
	('1118', '三星', '三星S6 Edge', '0.4', '2.5D', 'B品', 0, 0.00, '通用标', '晟煜'),
	('112', '索尼', '索尼S36H', '0.33', '2.5D', 'B品', 0, 0.00, '通用标', '晟煜'),
	('1120', '三星', '三星S6 Edge', '0.33', '2.5D', 'B品', 100, 0.00, '通用标', '晟煜'),
	('1122', '诺基亚', '诺基亚1520', '0.4', '2.5D', 'B品', 1150, 0.00, '通用标', '晟煜'),
	('1124', '诺基亚', '诺基亚1520', '0.33', '2.5D', 'B品', 2950, 0.00, '通用标', '晟煜'),
	('1126', '联想', '联想 NOTE 8', '0.4', '2.5D', 'B品', 6166, 0.00, '通用标', '晟煜'),
	('1128', '联想', '联想 NOTE 8', '0.33', '2.5D', 'B品', 100, 0.00, '通用标', '晟煜'),
	('1130', '华为', '华为P8', '0.4', '2.5D', 'B品', 1550, 0.00, '通用标', '晟煜'),
	('1132', '华为', '华为P8', '0.33', '2.5D', 'B品', 2535, 0.00, '通用标', '晟煜'),
	('1134', '索尼', '索尼Z4', '0.4', '2.5D', 'B品', 5800, 0.00, '通用标', '晟煜'),
	('1136', '索尼', '索尼Z4', '0.33', '2.5D', 'B品', 4800, 0.00, '通用标', '晟煜'),
	('1138', '华硕', '华硕C', '0.4', '2.5D', 'B品', 0, 0.00, '通用标', '晟煜'),
	('114', '索尼', '索尼 L39H', '0.4', '2.5D', 'B品', 50, 0.00, '通用标', '晟煜'),
	('1140', '华硕', '华硕C', '0.33', '2.5D', 'B品', 0, 0.00, '通用标', '晟煜'),
	('1142', '酷派', '酷派 Y75', '0.4', '2.5D', 'B品', 8800, 0.00, '通用标', '晟煜'),
	('1144', '酷派', '酷派 Y75', '0.33', '2.5D', 'B品', 0, 0.00, '通用标', '晟煜'),
	('1146', '酷派', '酷派 T1', '0.4', '2.5D', 'B品', 9961, 0.00, '通用标', '晟煜'),
	('1148', '酷派', '酷派 T1', '0.33', '2.5D', 'B品', 5450, 0.00, '通用标', '晟煜'),
	('1150', '联想', '联想K3 NOTE', '0.4', '2.5D', 'B品', 0, 0.00, '通用标', '晟煜'),
	('1152', '联想', '联想K3 NOTE', '0.33', '2.5D', 'B品', 499, 0.00, '通用标', '晟煜'),
	('1154', '中兴', '中兴 Z9 mini', '0.4', '2.5D', 'B品', 1400, 0.00, '通用标', '晟煜'),
	('1156', '中兴', '中兴 Z9 mini', '0.33', '2.5D', 'B品', 8424, 0.00, '通用标', '晟煜'),
	('1158', '索尼', '索尼C4', '0.4', '2.5D', 'B品', 2450, 0.00, '通用标', '晟煜'),
	('116', '索尼', '索尼 L39H', '0.33', '2.5D', 'B品', 395, 0.00, '通用标', '晟煜'),
	('1160', '索尼', '索尼C4', '0.33', '2.5D', 'B品', 5400, 0.00, '通用标', '晟煜'),
	('1162', 'HTC', 'HTC D826', '0.4', '2.5D', 'B品', 450, 0.00, '通用标', '晟煜'),
	('1164', 'HTC', 'HTC D826', '0.33', '2.5D', 'B品', 4238, 0.00, '通用标', '晟煜'),
	('1166', '中兴', '中兴V987', '0.4', '2.5D', 'B品', 5315, 0.00, '通用标', '晟煜'),
	('1168', '中兴', '中兴V987', '0.33', '2.5D', 'B品', 50, 0.00, '通用标', '晟煜'),
	('1170', '酷派', '酷派 K1', '0.4', '2.5D', 'B品', 2450, 0.00, '通用标', '晟煜'),
	('1172', '酷派', '酷派 K1', '0.33', '2.5D', 'B品', 3102, 0.00, '通用标', '晟煜'),
	('1174', '酷派', '酷派 8750', '0.4', '2.5D', 'B品', 8050, 0.00, '通用标', '晟煜'),
	('1176', '酷派', '酷派 8750', '0.33', '2.5D', 'B品', 3350, 0.00, '通用标', '晟煜'),
	('1178', '诺基亚', '诺基亚520', '0.4', '2.5D', 'B品', 1900, 0.00, '通用标', '晟煜'),
	('118', '华为', '华为P6', '0.4', '2.5D', 'B品', 150, 0.00, '通用标', '晟煜'),
	('1180', '诺基亚', '诺基亚520', '0.33', '2.5D', 'B品', 3550, 0.00, '通用标', '晟煜'),
	('1182', '华为', '华为荣耀X1 平板', '0.4', '2.5D', 'B品', 0, 0.00, '通用标', '晟煜'),
	('1184', '华为', '华为荣耀X1 平板', '0.33', '2.5D', 'B品', 0, 0.00, '通用标', '晟煜'),
	('1186', '酷派', '酷派 7296', '0.4', '2.5D', 'B品', 5050, 0.00, '通用标', '晟煜'),
	('1188', '酷派', '酷派 7296', '0.33', '2.5D', 'B品', 5379, 0.00, '通用标', '晟煜'),
	('1190', '酷派', '酷派 8705', '0.4', '2.5D', 'B品', 3950, 0.00, '通用标', '晟煜'),
	('1192', '酷派', '酷派 8705', '0.33', '2.5D', 'B品', 5000, 0.00, '通用标', '晟煜'),
	('1194', '华为', '华为 G660', '0.4', '2.5D', 'B品', 0, 0.00, '通用标', '晟煜'),
	('1196', '华为', '华为 G660', '0.33', '2.5D', 'B品', 0, 0.00, '通用标', '晟煜'),
	('1198', '中兴', '中兴 A880', '0.4', '2.5D', 'B品', 7650, 0.00, '通用标', '晟煜'),
	('120', '华为', '华为P6 ', '0.33', '2.5D', 'B品', 450, 0.00, '通用标', '晟煜'),
	('1200', '中兴', '中兴 A880', '0.33', '2.5D', 'B品', 2900, 0.00, '通用标', '晟煜'),
	('1202', '中兴', '中兴G717', '0.4', '2.5D', 'B品', 6100, 0.00, '通用标', '晟煜'),
	('1204', '中兴', '中兴G717', '0.33', '2.5D', 'B品', 2100, 0.00, '通用标', '晟煜'),
	('1206', '金立', '金立V183', '0.4', '2.5D', 'B品', 0, 0.00, '通用标', '晟煜'),
	('1208', '金立', '金立V183', '0.33', '2.5D', 'B品', 150, 0.00, '通用标', '晟煜'),
	('1210', '中兴', '中兴 s291', '0.4', '2.5D', 'B品', 2250, 0.00, '通用标', '晟煜'),
	('1212', '中兴', '中兴 s291', '0.33', '2.5D', 'B品', 0, 0.00, '通用标', '晟煜'),
	('1214', '中兴', '中兴 N5', '0.4', '2.5D', 'B品', 4450, 0.00, '通用标', '晟煜'),
	('1216', '中兴', '中兴 N5', '0.33', '2.5D', 'B品', 2650, 0.00, '通用标', '晟煜'),
	('1218', '中兴', '中兴G719', '0.4', '2.5D', 'B品', 5600, 0.00, '通用标', '晟煜'),
	('122', '华为', '华为C8816', '0.4', '2.5D', 'B品', 0, 0.00, '通用标', '晟煜'),
	('1220', '中兴', '中兴G719', '0.33', '2.5D', 'B品', 2250, 0.00, '通用标', '晟煜'),
	('1222', '金立', '金立 F301', '0.4', '2.5D', 'B品', 150, 0.00, '通用标', '晟煜'),
	('1224', '金立', '金立 F301', '0.33', '2.5D', 'B品', 2500, 0.00, '通用标', '晟煜'),
	('1226', '金立', '金立 S7', '0.4', '2.5D', 'B品', 150, 0.00, '通用标', '晟煜'),
	('1228', '金立', '金立 S7', '0.33', '2.5D', 'B品', 0, 0.00, '通用标', '晟煜'),
	('1230', 'OPPO', 'OPPO A31', '0.4', '2.5D', 'B品', 0, 0.00, '通用标', '晟煜'),
	('1232', 'OPPO', 'OPPO A31', '0.33', '2.5D', 'B品', 1685, 0.00, '通用标', '晟煜'),
	('1234', '金立', '金立V188S', '0.4', '2.5D', 'B品', 50, 0.00, '通用标', '晟煜'),
	('1236', '金立', '金立V188S', '0.33', '2.5D', 'B品', 100, 0.00, '通用标', '晟煜'),
	('1238', '金立', '金立V185', '0.4', '2.5D', 'B品', 0, 0.00, '通用标', '晟煜'),
	('124', '华为', '华为C8816', '0.33', '2.5D', 'B品', 0, 0.00, '通用标', '晟煜'),
	('1240', '金立', '金立V185', '0.33', '2.5D', 'B品', 0, 0.00, '通用标', '晟煜'),
	('1242', '金立', '金立E5', '0.4', '2.5D', 'B品', 4400, 0.00, '通用标', '晟煜'),
	('1244', '金立', '金立E5', '0.33', '2.5D', 'B品', 31, 0.00, '通用标', '晟煜'),
	('1246', '金立', '金立 X805', '0.4', '2.5D', 'B品', 3600, 0.00, '通用标', '晟煜'),
	('1248', '金立', '金立 X805', '0.33', '2.5D', 'B品', 3050, 0.00, '通用标', '晟煜'),
	('1250', '中兴', '中兴 Q802T', '0.4', '2.5D', 'B品', 953, 0.00, '通用标', '晟煜'),
	('1252', '中兴', '中兴 Q802T', '0.33', '2.5D', 'B品', 100, 0.00, '通用标', '晟煜'),
	('1254', '华硕', '华硕2mini', '0.4', '2.5D', 'B品', 6112, 0.00, '通用标', '晟煜'),
	('1256', '华硕', '华硕2mini', '0.33', '2.5D', 'B品', 8811, 0.00, '通用标', '晟煜'),
	('1258', '三星', '三星J5', '0.4', '2.5D', 'B品', 0, 0.00, '通用标', '晟煜'),
	('126', '华为', '华为 荣耀3C 标准版', '0.4', '2.5D', 'B品', 0, 0.00, '通用标', '晟煜'),
	('1260', '三星', '三星J5', '0.33', '2.5D', 'B品', 1902, 0.00, '通用标', '晟煜'),
	('1262', '诺基亚', '诺基亚 640XL', '0.4', '2.5D', 'B品', 5386, 0.00, '通用标', '晟煜'),
	('1264', '诺基亚', '诺基亚 640XL', '0.33', '2.5D', 'B品', 7550, 0.00, '通用标', '晟煜'),
	('1266', '三星', '三星J7', '0.4', '2.5D', 'B品', 0, 0.00, '通用标', '晟煜'),
	('1268', '三星', '三星J7', '0.33', '2.5D', 'B品', 1028, 0.00, '通用标', '晟煜'),
	('1270', 'HTC', 'HTC 7088', '0.4', '2.5D', 'B品', 5900, 0.00, '通用标', '晟煜'),
	('1272', 'HTC', 'HTC 7088', '0.33', '2.5D', 'B品', 5100, 0.00, '通用标', '晟煜'),
	('1274', 'HTC', 'HTC  E9', '0.4', '2.5D', 'B品', 0, 0.00, '通用标', '晟煜'),
	('1276', 'HTC', 'HTC  E9', '0.33', '2.5D', 'B品', 5850, 0.00, '通用标', '晟煜'),
	('1278', 'OPPO', 'OPPO R819T', '0.4', '2.5D', 'B品', 1800, 0.00, '通用标', '晟煜'),
	('128', '华为', '华为 荣耀3C 标准版', '0.33', '2.5D', 'B品', 100, 0.00, '通用标', '晟煜'),
	('1280', 'OPPO', 'OPPO R819T', '0.33', '2.5D', 'B品', 10612, 0.00, '通用标', '晟煜'),
	('1282', '华为', '华为U9508', '0.4', '2.5D', 'B品', 3250, 0.00, '通用标', '晟煜'),
	('1284', '华为', '华为U9508', '0.33', '2.5D', 'B品', 2500, 0.00, '通用标', '晟煜'),
	('1286', '华为', '华为A199', '0.4', '2.5D', 'B品', 4850, 0.00, '通用标', '晟煜'),
	('1288', '华为', '华为A199', '0.33', '2.5D', 'B品', 2350, 0.00, '通用标', '晟煜'),
	('1290', '华为', '华为 P8 青春版', '0.4', '2.5D', 'B品', 84, 0.00, '通用标', '晟煜'),
	('1292', '华为', '华为 P8 青春版', '0.33', '2.5D', 'B品', 1546, 0.00, '通用标', '晟煜'),
	('1294', '华为', '华为 荣耀4C', '0.4', '2.5D', 'B品', 0, 0.00, '通用标', '晟煜'),
	('1296', '华为', '华为 荣耀4C', '0.33', '2.5D', 'B品', 400, 0.00, '通用标', '晟煜'),
	('1298', '华为', '华为 G510', '0.4', '2.5D', 'B品', 0, 0.00, '通用标', '晟煜'),
	('130', '华为', '华为P7 ', '0.4', '2.5D', 'B品', 0, 0.00, '通用标', '晟煜'),
	('1300', '华为', '华为 G510', '0.33', '2.5D', 'B品', 0, 0.00, '通用标', '晟煜'),
	('1302', 'LG', 'LG LS770', '0.4', '2.5D', 'B品', 0, 0.00, '通用标', '晟煜'),
	('1304', 'LG', 'LG LS770', '0.33', '2.5D', 'B品', 5137, 0.00, '通用标', '晟煜'),
	('1306', 'OPPO', 'OPPO U705', '0.4', '2.5D', 'B品', 1350, 0.00, '通用标', '晟煜'),
	('1308', 'OPPO', 'OPPO U705', '0.33', '2.5D', 'B品', 3600, 0.00, '通用标', '晟煜'),
	('1310', '步步高', '步步高 X5Pro', '0.4', '2.5D', 'B品', 0, 0.00, '通用标', '晟煜'),
	('1312', '步步高', '步步高 X5Pro', '0.33', '2.5D', 'B品', 4021, 0.00, '通用标', '晟煜'),
	('1314', '三星', '三星 i9295', '0.4', '2.5D', 'B品', 4450, 0.00, '通用标', '晟煜'),
	('1316', '三星', '三星 i9295', '0.33', '2.5D', 'B品', 3050, 0.00, '通用标', '晟煜'),
	('1318', '三星', '三星 G870', '0.4', '2.5D', 'B品', 3137, 0.00, '通用标', '晟煜'),
	('132', '华为', '华为P7 ', '0.33', '2.5D', 'B品', 50, 0.00, '通用标', '晟煜'),
	('1320', '三星', '三星 G870', '0.33', '2.5D', 'B品', 5500, 0.00, '通用标', '晟煜'),
	('1322', '华为', '华为 GX1', '0.4', '2.5D', 'B品', 183, 0.00, '通用标', '晟煜'),
	('1324', '华为', '华为 GX1', '0.33', '2.5D', 'B品', 4236, 0.00, '通用标', '晟煜'),
	('1326', 'LG', 'LG AKA', '0.4', '2.5D', 'B品', 0, 0.00, '通用标', '晟煜'),
	('1328', 'LG', 'LG AKA', '0.33', '2.5D', 'B品', 23, 0.00, '通用标', '晟煜'),
	('1330', 'LG', 'LG L70双卡版', '0.4', '2.5D', 'B品', 0, 0.00, '通用标', '晟煜'),
	('1332', 'LG', 'LG L70双卡版', '0.33', '2.5D', 'B品', 0, 0.00, '通用标', '晟煜'),
	('1334', 'LG', 'LG-L90 双卡版', '0.4', '2.5D', 'B品', 0, 0.00, '通用标', '晟煜'),
	('1336', 'LG', 'LG-L90 双卡版', '0.33', '2.5D', 'B品', 0, 0.00, '通用标', '晟煜'),
	('1338', '华为', '华为Y635', '0.4', '2.5D', 'B品', 100, 0.00, '通用标', '晟煜'),
	('134', '魅族', '魅族mx2 ', '0.4', '2.5D', 'B品', 0, 0.00, '通用标', '晟煜'),
	('1340', '华为', '华为Y635', '0.33', '2.5D', 'B品', 750, 0.00, '通用标', '晟煜'),
	('1342', 'OPPO', 'OPPO R7', '0.4', '2.5D', 'B品', 0, 0.00, '通用标', '晟煜'),
	('1344', 'OPPO', 'OPPO R7', '0.33', '2.5D', 'B品', 5798, 0.00, '通用标', '晟煜'),
	('1346', '小米', '小米 4i', '0.4', '2.5D', 'B品', 1500, 0.00, '通用标', '晟煜'),
	('1348', '小米', '小米 4i', '0.33', '2.5D', 'B品', 0, 0.00, '通用标', '晟煜'),
	('1350', '华为', '华为 G628', '0.4', '2.5D', 'B品', 6400, 0.00, '通用标', '晟煜'),
	('1352', '华为', '华为 G628', '0.33', '2.5D', 'B品', 5400, 0.00, '通用标', '晟煜'),
	('1354', '联想', '联想 A828t', '0.4', '2.5D', 'B品', 4750, 0.00, '通用标', '晟煜'),
	('1356', '联想', '联想 A828t', '0.33', '2.5D', 'B品', 8250, 0.00, '通用标', '晟煜'),
	('1358', '魅族', '魅族 MX5', '0.4', '2.5D', 'B品', 0, 0.00, '通用标', '晟煜'),
	('136', '魅族', '魅族mx2 ', '0.33', '2.5D', 'B品', 50, 0.00, '通用标', '晟煜'),
	('1360', '魅族', '魅族 MX5', '0.33', '2.5D', 'B品', 7745, 0.00, '通用标', '晟煜'),
	('1362', '联想', '联想 A788t ', '0.4', '2.5D', 'B品', 6745, 0.00, '通用标', '晟煜'),
	('1364', '联想', '联想 A788t ', '0.33', '2.5D', 'B品', 1416, 0.00, '通用标', '晟煜'),
	('1366', '华为', '华为 C8813', '0.4', '2.5D', 'B品', 4500, 0.00, '通用标', '晟煜'),
	('1368', '华为', '华为 C8813', '0.33', '2.5D', 'B品', 4150, 0.00, '通用标', '晟煜'),
	('1370', 'OPPO', 'OPPO R823T', '0.4', '2.5D', 'B品', 6250, 0.00, '通用标', '晟煜'),
	('1372', 'OPPO', 'OPPO R823T', '0.33', '2.5D', 'B品', 5150, 0.00, '通用标', '晟煜'),
	('1374', '华为', '华为 Y625', '0.4', '2.5D', 'B品', 550, 0.00, '通用标', '晟煜'),
	('1376', '华为', '华为 Y625', '0.33', '2.5D', 'B品', 7536, 0.00, '通用标', '晟煜'),
	('1378', 'OPPO', 'OPPO R815T', '0.4', '2.5D', 'B品', 10000, 0.00, '通用标', '晟煜'),
	('138', '魅族', '魅族mx3 ', '0.4', '2.5D', 'B品', 100, 0.00, '通用标', '晟煜'),
	('1380', 'OPPO', 'OPPO R815T', '0.33', '2.5D', 'B品', 1600, 0.00, '通用标', '晟煜'),
	('1382', 'LG', 'LG G4', '0.4', '2.5D', 'B品', 0, 0.00, '通用标', '晟煜'),
	('1384', 'LG', 'LG G4', '0.33', '2.5D', 'B品', 0, 0.00, '通用标', '晟煜'),
	('1386', '索尼', '索尼 LT26i', '0.4', '2.5D', 'B品', 5400, 0.00, '通用标', '晟煜'),
	('1388', '索尼', '索尼 LT26i', '0.33', '2.5D', 'B品', 50, 0.00, '通用标', '晟煜'),
	('1390', '中兴', '中兴 Z9 Max', '0.4', '2.5D', 'B品', 4150, 0.00, '通用标', '晟煜'),
	('1392', '中兴', '中兴 Z9 Max', '0.33', '2.5D', 'B品', 3600, 0.00, '通用标', '晟煜'),
	('1394', 'HTC', 'HTC E8', '0.4', '2.5D', 'B品', 12950, 0.00, '通用标', '晟煜'),
	('1396', 'HTC', 'HTC E8', '0.33', '2.5D', 'B品', 6000, 0.00, '通用标', '晟煜'),
	('1398', '金立', '金立 W900', '0.4', '2.5D', 'B品', 0, 0.00, '通用标', '晟煜'),
	('140', '魅族', '魅族mx3 ', '0.33', '2.5D', 'B品', 100, 0.00, '通用标', '晟煜'),
	('1400', '金立', '金立 W900', '0.33', '2.5D', 'B品', 4750, 0.00, '通用标', '晟煜'),
	('1402', '三星', '三星 G3588V', '0.4', '2.5D', 'B品', 3400, 0.00, '通用标', '晟煜'),
	('1404', '三星', '三星 G3588V', '0.33', '2.5D', 'B品', 1850, 0.00, '通用标', '晟煜'),
	('1406', '乐视', '乐视 1', '0.4', '2.5D', 'B品', 1450, 0.00, '通用标', '晟煜'),
	('1408', '乐视', '乐视 1', '0.33', '2.5D', 'B品', 2958, 0.00, '通用标', '晟煜'),
	('1410', '三星', ' 三星 G3568V', '0.4', '2.5D', 'B品', 2900, 0.00, '通用标', '晟煜'),
	('1412', '三星', ' 三星 G3568V', '0.33', '2.5D', 'B品', 2350, 0.00, '通用标', '晟煜'),
	('1414', '酷派', '酷派K1 mini', '0.4', '2.5D', 'B品', 5650, 0.00, '通用标', '晟煜'),
	('1416', '酷派', '酷派K1 mini', '0.33', '2.5D', 'B品', 3000, 0.00, '通用标', '晟煜'),
	('1418', 'LG', 'LG spirit ', '0.4', '2.5D', 'B品', 0, 0.00, '通用标', '晟煜'),
	('142', '酷派', '酷派F1', '0.4', '2.5D', 'B品', 0, 0.00, '通用标', '晟煜'),
	('1420', 'LG', 'LG spirit ', '0.33', '2.5D', 'B品', 0, 0.00, '通用标', '晟煜'),
	('1422', '联想', '联想 A890e', '0.4', '2.5D', 'B品', 5750, 0.00, '通用标', '晟煜'),
	('1424', '联想', '联想 A890e', '0.33', '2.5D', 'B品', 3400, 0.00, '通用标', '晟煜'),
	('1426', '联想', '联想 S60', '0.4', '2.5D', 'B品', 370, 0.00, '通用标', '晟煜'),
	('1428', '联想', '联想 S60', '0.33', '2.5D', 'B品', 6100, 0.00, '通用标', '晟煜'),
	('1430', '金立', '金立 E6', '0.4', '2.5D', 'B品', 4300, 0.00, '通用标', '晟煜'),
	('1432', '金立', '金立 E6', '0.33', '2.5D', 'B品', 2550, 0.00, '通用标', '晟煜'),
	('1434', 'HTC', 'HTC M9 plus', '0.4', '2.5D', 'B品', 4550, 0.00, '通用标', '晟煜'),
	('1436', 'HTC', 'HTC M9 plus', '0.33', '2.5D', 'B品', 9450, 0.00, '通用标', '晟煜'),
	('1438', '联想', '联想P70', '0.4', '2.5D', 'B品', 300, 0.00, '通用标', '晟煜'),
	('144', '酷派', '酷派F1', '0.33', '2.5D', 'B品', 0, 0.00, '通用标', '晟煜'),
	('1440', '联想', '联想P70', '0.33', '2.5D', 'B品', 1822, 0.00, '通用标', '晟煜'),
	('1442', '华硕', '华硕X002', '0.4', '2.5D', 'B品', 2934, 0.00, '通用标', '晟煜'),
	('1444', '华硕', '华硕X002', '0.33', '2.5D', 'B品', 2481, 0.00, '通用标', '晟煜'),
	('1446', '金立', '金立 T1', '0.4', '2.5D', 'B品', 3000, 0.00, '通用标', '晟煜'),
	('1448', '金立', '金立 T1', '0.33', '2.5D', 'B品', 2300, 0.00, '通用标', '晟煜'),
	('1450', '金立', '金立 GN715', '0.4', '2.5D', 'B品', 2500, 0.00, '通用标', '晟煜'),
	('1452', '金立', '金立 GN715', '0.33', '2.5D', 'B品', 3850, 0.00, '通用标', '晟煜'),
	('1454', '美图', '美图 M4', '0.4', '2.5D', 'B品', 756, 0.00, '通用标', '晟煜'),
	('1456', '美图', '美图 M4', '0.33', '2.5D', 'B品', 1889, 0.00, '通用标', '晟煜'),
	('1458', '三星', '三星 Note4 Edge', '0.4', '2.5D', 'B品', 0, 0.00, '通用标', '晟煜'),
	('146', '小米', '小米2 ', '0.4', '2.5D', 'B品', 0, 0.00, '通用标', '晟煜'),
	('1460', '三星', '三星 Note4 Edge', '0.33', '2.5D', 'B品', 6487, 0.00, '通用标', '晟煜'),
	('1462', 'LG', 'LG joy', '0.4', '2.5D', 'B品', 0, 0.00, '通用标', '晟煜'),
	('1464', 'LG', 'LG joy', '0.33', '2.5D', 'B品', 45, 0.00, '通用标', '晟煜'),
	('1466', '华为', '华为 P8 MAX', '0.4', '2.5D', 'B品', 2673, 0.00, '通用标', '晟煜'),
	('1468', '华为', '华为 P8 MAX', '0.33', '2.5D', 'B品', 3763, 0.00, '通用标', '晟煜'),
	('1470', 'LG', 'LG D680', '0.4', '2.5D', 'B品', 0, 0.00, '通用标', '晟煜'),
	('1472', 'LG', 'LG D680', '0.33', '2.5D', 'B品', 0, 0.00, '通用标', '晟煜'),
	('1474', '联想', '联想 Vibe Shot', '0.4', '2.5D', 'B品', 6100, 0.00, '通用标', '晟煜'),
	('1476', '联想', '联想 Vibe Shot', '0.33', '2.5D', 'B品', 2650, 0.00, '通用标', '晟煜'),
	('1478', '中兴', '中兴 B880', '0.4', '2.5D', 'B品', 1300, 0.00, '通用标', '晟煜'),
	('148', '小米', '小米2 ', '0.33', '2.5D', 'B品', 830, 0.00, '通用标', '晟煜'),
	('1480', '中兴', '中兴 B880', '0.33', '2.5D', 'B品', 0, 0.00, '通用标', '晟煜'),
	('1482', 'TCL', 'TCL S720', '0.4', '2.5D', 'B品', 0, 0.00, '通用标', '晟煜'),
	('1484', 'TCL', 'TCL S720', '0.33', '2.5D', 'B品', 0, 0.00, '通用标', '晟煜'),
	('1486', 'TCL', 'TCL 么么哒3S', '0.4', '2.5D', 'B品', 3600, 0.00, '通用标', '晟煜'),
	('1488', 'TCL', 'TCL 么么哒3S', '0.33', '2.5D', 'B品', 0, 0.00, '通用标', '晟煜'),
	('1490', 'TCL', 'TCL 么么哒3N', '0.4', '2.5D', 'B品', 4500, 0.00, '通用标', '晟煜'),
	('1492', 'TCL', 'TCL 么么哒3N', '0.33', '2.5D', 'B品', 2800, 0.00, '通用标', '晟煜'),
	('1494', '朵唯', '朵唯 S3', '0.4', '2.5D', 'B品', 1800, 0.00, '通用标', '晟煜'),
	('1496', '朵唯', '朵唯 S3', '0.33', '2.5D', 'B品', 0, 0.00, '通用标', '晟煜'),
	('1498', 'TCL', 'TCL S950t', '0.4', '2.5D', 'B品', 6850, 0.00, '通用标', '晟煜'),
	('150', '小米', '红米 ', '0.4', '2.5D', 'B品', 700, 0.00, '通用标', '晟煜'),
	('1500', 'TCL', 'TCL S950t', '0.33', '2.5D', 'B品', 0, 0.00, '通用标', '晟煜'),
	('1502', 'TCL', 'TCL P620M', '0.4', '2.5D', 'B品', 3450, 0.00, '通用标', '晟煜'),
	('1504', 'TCL', 'TCL P620M', '0.33', '2.5D', 'B品', 0, 0.00, '通用标', '晟煜'),
	('1506', '朵唯', '朵唯 S2萝莉版', '0.4', '2.5D', 'B品', 2500, 0.00, '通用标', '晟煜'),
	('1508', '朵唯', '朵唯 S2萝莉版', '0.33', '2.5D', 'B品', 0, 0.00, '通用标', '晟煜'),
	('1510', '天语', '天语 touch2', '0.4', '2.5D', 'B品', 3050, 0.00, '通用标', '晟煜'),
	('1512', '天语', '天语 touch2', '0.33', '2.5D', 'B品', 0, 0.00, '通用标', '晟煜'),
	('1514', '金立', '金立 GN706', '0.4', '2.5D', 'B品', 2350, 0.00, '通用标', '晟煜'),
	('1516', '金立', '金立 GN706', '0.33', '2.5D', 'B品', 4400, 0.00, '通用标', '晟煜'),
	('1518', '天语', '天语 火星1号', '0.4', '2.5D', 'B品', 4050, 0.00, '通用标', '晟煜'),
	('152', '小米', '红米 ', '0.33', '2.5D', 'B品', 0, 0.00, '通用标', '晟煜'),
	('1520', '天语', '天语 火星1号', '0.33', '2.5D', 'B品', 0, 0.00, '通用标', '晟煜'),
	('1522', '朵唯', '朵唯 L1', '0.4', '2.5D', 'B品', 0, 0.00, '通用标', '晟煜'),
	('1524', '朵唯', '朵唯 L1', '0.33', '2.5D', 'B品', 0, 0.00, '通用标', '晟煜'),
	('1526', '天语', '天语 Touch 3', '0.4', '2.5D', 'B品', 2240, 0.00, '通用标', '晟煜'),
	('1528', '天语', '天语 Touch 3', '0.33', '2.5D', 'B品', 0, 0.00, '通用标', '晟煜'),
	('1530', '朵唯', '朵唯 S1', '0.4', '2.5D', 'B品', 2850, 0.00, '通用标', '晟煜'),
	('1532', '朵唯', '朵唯 S1', '0.33', '2.5D', 'B品', 0, 0.00, '通用标', '晟煜'),
	('1534', '朵唯', '朵唯 S2女王版', '0.4', '2.5D', 'B品', 3726, 0.00, '通用标', '晟煜'),
	('1536', '朵唯', '朵唯 S2女王版', '0.33', '2.5D', 'B品', 0, 0.00, '通用标', '晟煜'),
	('1538', '联想', '联想 S858t', '0.4', '2.5D', 'B品', 5950, 0.00, '通用标', '晟煜'),
	('154', '小米', '小米3  ', '0.4', '2.5D', 'B品', 700, 0.00, '通用标', '晟煜'),
	('1540', '联想', '联想 S858t', '0.33', '2.5D', 'B品', 3650, 0.00, '通用标', '晟煜'),
	('1542', '酷派', '酷派 5316', '0.4', '2.5D', 'B品', 1000, 0.00, '通用标', '晟煜'),
	('1544', '酷派', '酷派 5316', '0.33', '2.5D', 'B品', 8250, 0.00, '通用标', '晟煜'),
	('1546', '朵唯', '朵唯 S2标准版', '0.4', '2.5D', 'B品', 3100, 0.00, '通用标', '晟煜'),
	('1548', '朵唯', '朵唯 S2标准版', '0.33', '2.5D', 'B品', 0, 0.00, '通用标', '晟煜'),
	('1550', '酷派', '酷派 S6NT', '0.4', '2.5D', 'B品', 2900, 0.00, '通用标', '晟煜'),
	('1552', '酷派', '酷派 S6NT', '0.33', '2.5D', 'B品', 10296, 0.00, '通用标', '晟煜'),
	('1554', '锤子', '锤子 T1', '0.4', '2.5D', 'B品', 4100, 0.00, '通用标', '晟煜'),
	('1556', '锤子', '锤子 T1', '0.33', '2.5D', 'B品', 3650, 0.00, '通用标', '晟煜'),
	('1558', '纽曼', '纽曼 CM810', '0.4', '2.5D', 'B品', 0, 0.00, '通用标', '晟煜'),
	('156', '小米', '小米3  ', '0.33', '2.5D', 'B品', 1700, 0.00, '通用标', '晟煜'),
	('1560', '纽曼', '纽曼 CM810', '0.33', '2.5D', 'B品', 0, 0.00, '通用标', '晟煜'),
	('1562', '酷派', '酷派Y90', '0.4', '2.5D', 'B品', 4163, 0.00, '通用标', '晟煜'),
	('1564', '酷派', '酷派Y90', '0.33', '2.5D', 'B品', 2000, 0.00, '通用标', '晟煜'),
	('1566', '华为', '华为 G521', '0.4', '2.5D', 'B品', 3700, 0.00, '通用标', '晟煜'),
	('1568', '华为', '华为 G521', '0.33', '2.5D', 'B品', 2150, 0.00, '通用标', '晟煜'),
	('1570', '金立', '金立 GN151', '0.4', '2.5D', 'B品', 1850, 0.00, '通用标', '晟煜'),
	('1572', '金立', '金立 GN151', '0.33', '2.5D', 'B品', 5000, 0.00, '通用标', '晟煜'),
	('1574', '诺基亚', '诺基亚 1320', '0.4', '2.5D', 'B品', 1350, 0.00, '通用标', '晟煜'),
	('1576', '诺基亚', '诺基亚 1320', '0.33', '2.5D', 'B品', 3800, 0.00, '通用标', '晟煜'),
	('1578', '中兴', '中兴 Q705U', '0.4', '2.5D', 'B品', 8900, 0.00, '通用标', '晟煜'),
	('158', '小米', '红米NOTE', '0.4', '2.5D', 'B品', 2542, 0.00, '通用标', '晟煜'),
	('1580', '中兴', '中兴 Q705U', '0.33', '2.5D', 'B品', 2300, 0.00, '通用标', '晟煜'),
	('1582', '金立', '金立 V182', '0.4', '2.5D', 'B品', 2150, 0.00, '通用标', '晟煜'),
	('1584', '金立', '金立 V182', '0.33', '2.5D', 'B品', 4550, 0.00, '通用标', '晟煜'),
	('1586', '酷派', '酷派 Y1', '0.4', '2.5D', 'B品', 5500, 0.00, '通用标', '晟煜'),
	('1588', '酷派', '酷派 Y1', '0.33', '2.5D', 'B品', 3300, 0.00, '通用标', '晟煜'),
	('1590', '金立', '金立 GN709L', '0.4', '2.5D', 'B品', 4050, 0.00, '通用标', '晟煜'),
	('1592', '金立', '金立 GN709L', '0.33', '2.5D', 'B品', 3550, 0.00, '通用标', '晟煜'),
	('1594', '诺基亚', '诺基亚  X', '0.4', '2.5D', 'B品', 1650, 0.00, '通用标', '晟煜'),
	('1596', '诺基亚', '诺基亚  X', '0.33', '2.5D', 'B品', 3150, 0.00, '通用标', '晟煜'),
	('1598', '酷派', '酷派 7275', '0.4', '2.5D', 'B品', 4000, 0.00, '通用标', '晟煜'),
	('160', '小米', '红米NOTE', '0.33', '2.5D', 'B品', 0, 0.00, '通用标', '晟煜'),
	('1600', '酷派', '酷派 7275', '0.33', '2.5D', 'B品', 4150, 0.00, '通用标', '晟煜'),
	('1602', 'OPPO', 'OPPO R7 Plus', '0.4', '2.5D', 'B品', 0, 0.00, '通用标', '晟煜'),
	('1604', 'OPPO', 'OPPO R7 Plus', '0.33', '2.5D', 'B品', 678, 0.00, '通用标', '晟煜'),
	('1606', '金立', '金立 X817', '0.4', '2.5D', 'B品', 5300, 0.00, '通用标', '晟煜'),
	('1608', '金立', '金立 X817', '0.33', '2.5D', 'B品', 0, 0.00, '通用标', '晟煜'),
	('1610', '索尼', '索尼E4', '0.4', '2.5D', 'B品', 6300, 0.00, '通用标', '晟煜'),
	('1612', '索尼', '索尼E4', '0.33', '2.5D', 'B品', 3548, 0.00, '通用标', '晟煜'),
	('1614', '魅族', '魅蓝note2', '0.4', '2.5D', 'B品', 0, 0.00, '通用标', '晟煜'),
	('1616', '魅族', '魅蓝note2', '0.33', '2.5D', 'B品', 0, 0.00, '通用标', '晟煜'),
	('1618', '联想', '联想 X2 Pro', '0.4', '2.5D', 'B品', 2800, 0.00, '通用标', '晟煜'),
	('162', 'LG', 'LG G Pro 2', '0.4', '2.5D', 'B品', 0, 0.00, '通用标', '晟煜'),
	('1620', '联想', '联想 X2 Pro', '0.33', '2.5D', 'B品', 7600, 0.00, '通用标', '晟煜'),
	('1622', '酷派', '酷派Y60-C1', '0.4', '2.5D', 'B品', 1550, 0.00, '通用标', '晟煜'),
	('1624', '酷派', '酷派Y60-C1', '0.33', '2.5D', 'B品', 978, 0.00, '通用标', '晟煜'),
	('1626', 'OPPO', 'OPPO A51', '0.4', '2.5D', 'B品', 0, 0.00, '通用标', '晟煜'),
	('1628', 'OPPO', 'OPPO A51', '0.33', '2.5D', 'B品', 3375, 0.00, '通用标', '晟煜'),
	('1630', '乐视', '乐视1 Pro', '0.4', '2.5D', 'B品', 0, 0.00, '通用标', '晟煜'),
	('1632', '乐视', '乐视1 Pro', '0.33', '2.5D', 'B品', 3400, 0.00, '通用标', '晟煜'),
	('1634', '联想', '联想 A3900', '0.4', '2.5D', 'B品', 2768, 0.00, '通用标', '晟煜'),
	('1636', '联想', '联想 A3900', '0.33', '2.5D', 'B品', 1846, 0.00, '通用标', '晟煜'),
	('1638', '朵唯', '朵唯 S2L', '0.4', '2.5D', 'B品', 0, 0.00, '通用标', '晟煜'),
	('164', 'LG', 'LG G Pro 2', '0.33', '2.5D', 'B品', 0, 0.00, '通用标', '晟煜'),
	('1640', '朵唯', '朵唯 S2L', '0.33', '2.5D', 'B品', 0, 0.00, '通用标', '晟煜'),
	('1642', '朵唯', '朵唯 T90', '0.4', '2.5D', 'B品', 0, 0.00, '通用标', '晟煜'),
	('1644', '朵唯', '朵唯 T90', '0.33', '2.5D', 'B品', 2750, 0.00, '通用标', '晟煜'),
	('1646', '酷派', '酷派 8730', '0.4', '2.5D', 'B品', 6800, 0.00, '通用标', '晟煜'),
	('1648', '酷派', '酷派 8730', '0.33', '2.5D', 'B品', 6000, 0.00, '通用标', '晟煜'),
	('1650', '中兴', '中兴 Q519T', '0.4', '2.5D', 'B品', 3000, 0.00, '通用标', '晟煜'),
	('1652', '中兴', '中兴 Q519T', '0.33', '2.5D', 'B品', 143, 0.00, '通用标', '晟煜'),
	('1654', '联想', '联想 A858t', '0.4', '2.5D', 'B品', 2050, 0.00, '通用标', '晟煜'),
	('1656', '联想', '联想 A858t', '0.33', '2.5D', 'B品', 4570, 0.00, '通用标', '晟煜'),
	('1658', '联想', '联想 A388t', '0.4', '2.5D', 'B品', 2500, 0.00, '通用标', '晟煜'),
	('166', '索尼', '索尼M2', '0.4', '2.5D', 'B品', 50, 0.00, '通用标', '晟煜'),
	('1660', '联想', '联想 A388t', '0.33', '2.5D', 'B品', 4750, 0.00, '通用标', '晟煜'),
	('1662', '联想', '联想 A5860', '0.4', '2.5D', 'B品', 600, 0.00, '通用标', '晟煜'),
	('1664', '联想', '联想 A5860', '0.33', '2.5D', 'B品', 5500, 0.00, '通用标', '晟煜'),
	('1666', '中兴', '努比亚 Z9 ', '0.4', '2.5D', 'B品', 6900, 0.00, '通用标', '晟煜'),
	('1668', '中兴', '努比亚 Z9 ', '0.33', '2.5D', 'B品', 4650, 0.00, '通用标', '晟煜'),
	('1670', '三星', '三星W899', '0.4', '2.5D', 'B品', 5890, 0.00, '通用标', '晟煜'),
	('1672', '三星', '三星W899', '0.33', '2.5D', 'B品', 7574, 0.00, '通用标', '晟煜'),
	('1674', '三星', '三星 W789', '0.4', '2.5D', 'B品', 7467, 0.00, '通用标', '晟煜'),
	('1676', '三星', '三星 W789', '0.33', '2.5D', 'B品', 5077, 0.00, '通用标', '晟煜'),
	('1678', '华为', '华为Y550', '0.4', '2.5D', 'B品', 1200, 0.00, '通用标', '晟煜'),
	('168', '索尼', '索尼M2', '0.33', '2.5D', 'B品', 1000, 0.00, '通用标', '晟煜'),
	('1680', '华为', '华为Y550', '0.33', '2.5D', 'B品', 1532, 0.00, '通用标', '晟煜'),
	('1682', '金立', '金立 M3', '0.4', '2.5D', 'B品', 100, 0.00, '通用标', '晟煜'),
	('1684', '金立', '金立 M3', '0.33', '2.5D', 'B品', 0, 0.00, '通用标', '晟煜'),
	('1686', '金立', '金立 M5', '0.4', '2.5D', 'B品', 2900, 0.00, '通用标', '晟煜'),
	('1688', '金立', '金立 M5', '0.33', '2.5D', 'B品', 50, 0.00, '通用标', '晟煜'),
	('1690', '联想', ' 联想 A3800d', '0.4', '2.5D', 'B品', 4200, 0.00, '通用标', '晟煜'),
	('1692', '联想', ' 联想 A3800d', '0.33', '2.5D', 'B品', 0, 0.00, '通用标', '晟煜'),
	('1694', '金立', '金立 IUNI U3', '0.4', '2.5D', 'B品', 4000, 0.00, '通用标', '晟煜'),
	('1696', '金立', '金立 IUNI U3', '0.33', '2.5D', 'B品', 0, 0.00, '通用标', '晟煜'),
	('1698', 'LG', 'LG Magna', '0.4', '2.5D', 'B品', 0, 0.00, '通用标', '晟煜'),
	('170', 'LG', 'LG G3\n', '0.4', '2.5D', 'B品', 0, 0.00, '通用标', '晟煜'),
	('1700', 'LG', 'LG Magna', '0.33', '2.5D', 'B品', 0, 0.00, '通用标', '晟煜'),
	('1702', '金立', '金立 IUNI U2', '0.4', '2.5D', 'B品', 6000, 0.00, '通用标', '晟煜'),
	('1704', '金立', '金立 IUNI U2', '0.33', '2.5D', 'B品', 0, 0.00, '通用标', '晟煜'),
	('1706', '联想', '联想 K80', '0.4', '2.5D', 'B品', 5530, 0.00, '通用标', '晟煜'),
	('1708', '联想', '联想 K80', '0.33', '2.5D', 'B品', 0, 0.00, '通用标', '晟煜'),
	('1710', '联想', '联想A6000', '0.4', '2.5D', 'B品', 5500, 0.00, '通用标', '晟煜'),
	('1712', '联想', '联想A6000', '0.33', '2.5D', 'B品', 10, 0.00, '通用标', '晟煜'),
	('1714', '中兴', '中兴 S6', '0.4', '2.5D', 'B品', 4600, 0.00, '通用标', '晟煜'),
	('1716', '中兴', '中兴 S6', '0.33', '2.5D', 'B品', 0, 0.00, '通用标', '晟煜'),
	('1718', '联想', '联想A360T', '0.4', '2.5D', 'B品', 4600, 0.00, '通用标', '晟煜'),
	('172', 'LG', 'LG G3\n', '0.33', '2.5D', 'B品', 3173, 0.00, '通用标', '晟煜'),
	('1720', '联想', '联想A360T', '0.33', '2.5D', 'B品', 1209, 0.00, '通用标', '晟煜'),
	('1722', '酷派', '酷派8085', '0.4', '2.5D', 'B品', 7350, 0.00, '通用标', '晟煜'),
	('1724', '酷派', '酷派8085', '0.33', '2.5D', 'B品', 1099, 0.00, '通用标', '晟煜'),
	('1726', '中兴', '中兴Q301C', '0.4', '2.5D', 'B品', 1650, 0.00, '通用标', '晟煜'),
	('1728', '中兴', '中兴Q301C', '0.33', '2.5D', 'B品', 0, 0.00, '通用标', '晟煜'),
	('1730', '联想', '联想A5800', '0.4', '2.5D', 'B品', 1000, 0.00, '通用标', '晟煜'),
	('1732', '联想', '联想A5800', '0.33', '2.5D', 'B品', 5323, 0.00, '通用标', '晟煜'),
	('1734', '联想', '联想A516', '0.4', '2.5D', 'B品', 7700, 0.00, '通用标', '晟煜'),
	('1736', '联想', '联想A516', '0.33', '2.5D', 'B品', 1529, 0.00, '通用标', '晟煜'),
	('1738', '索尼', '索尼 Z1移动版', '0.4', '2.5D', 'B品', 4230, 0.00, '通用标', '晟煜'),
	('174', 'LG', 'LG L90单卡版', '0.4', '2.5D', 'B品', 0, 0.00, '通用标', '晟煜'),
	('1740', '索尼', '索尼 Z1移动版', '0.33', '2.5D', 'B品', 500, 0.00, '通用标', '晟煜'),
	('1742', '苹果', 'iphone4后膜', '0.4', '2.5D', 'B品', 5707, 0.00, '通用标', '晟煜'),
	('1744', '苹果', 'iphone4后膜', '0.33', '2.5D', 'B品', 1653, 0.00, '通用标', '晟煜'),
	('1746', '苹果', 'iphone 5 后膜', '0.4', '2.5D', 'B品', 3100, 0.00, '通用标', '晟煜'),
	('1748', '苹果', 'iphone 5 后膜', '0.33', '2.5D', 'B品', 395, 0.00, '通用标', '晟煜'),
	('1750', '苹果', 'iphone 6-4.7寸 后膜', '0.4', '2.5D', 'B品', 2850, 0.00, '通用标', '晟煜'),
	('1752', '苹果', 'iphone 6-4.7寸 后膜', '0.33', '2.5D', 'B品', 1390, 0.00, '通用标', '晟煜'),
	('1754', '苹果', 'iphone 6-5.5寸 后膜', '0.4', '2.5D', 'B品', 3450, 0.00, '通用标', '晟煜'),
	('1756', '苹果', 'iphone 6-5.5寸 后膜', '0.33', '2.5D', 'B品', 3030, 0.00, '通用标', '晟煜'),
	('1758', 'HTC', 'HTC 526', '0.4', '2.5D', 'B品', 0, 0.00, '通用标', '晟煜'),
	('176', 'LG', 'LG L90单卡版', '0.33', '2.5D', 'B品', 0, 0.00, '通用标', '晟煜'),
	('1760', 'HTC', 'HTC 526', '0.33', '2.5D', 'B品', 3250, 0.00, '通用标', '晟煜'),
	('1762', '联想', '联想S820', '0.4', '2.5D', 'B品', 0, 0.00, '通用标', '晟煜'),
	('1764', '联想', '联想S820', '0.33', '2.5D', 'B品', 4148, 0.00, '通用标', '晟煜'),
	('1766', 'LG', 'LG G Flex 2', '0.4', '2.5D', 'B品', 0, 0.00, '通用标', '晟煜'),
	('1768', 'LG', 'LG G Flex 2', '0.33', '2.5D', 'B品', 0, 0.00, '通用标', '晟煜'),
	('1770', 'HTC', 'HTC 320', '0.4', '2.5D', 'B品', 0, 0.00, '通用标', '晟煜'),
	('1772', 'HTC', 'HTC 320', '0.33', '2.5D', 'B品', 8700, 0.00, '通用标', '晟煜'),
	('1774', '中兴', '中兴 Q505', '0.4', '2.5D', 'B品', 500, 0.00, '通用标', '晟煜'),
	('1776', '中兴', '中兴 Q505', '0.33', '2.5D', 'B品', 100, 0.00, '通用标', '晟煜'),
	('1778', 'LG', 'LG G Flex', '0.4', '2.5D', 'B品', 0, 0.00, '通用标', '晟煜'),
	('178', 'LG', 'LG L70单卡版', '0.4', '2.5D', 'B品', 0, 0.00, '通用标', '晟煜'),
	('1780', 'LG', 'LG G Flex', '0.33', '2.5D', 'B品', 0, 0.00, '通用标', '晟煜'),
	('1782', '留空', '留空', '0.4', '2.5D', 'B品', 0, 0.00, '通用标', '晟煜'),
	('1784', '留空', '留空', '0.33', '2.5D', 'B品', 0, 0.00, '通用标', '晟煜'),
	('1786', '留空', '留空', '0.4', '2.5D', 'B品', 0, 0.00, '通用标', '晟煜'),
	('1788', '留空', '留空', '0.33', '2.5D', 'B品', 0, 0.00, '通用标', '晟煜'),
	('1790', 'LG', 'LG L65 单卡版', '0.4', '2.5D', 'B品', 0, 0.00, '通用标', '晟煜'),
	('1792', 'LG', 'LG L65 单卡版', '0.33', '2.5D', 'B品', 0, 0.00, '通用标', '晟煜'),
	('1794', '留空', '留空', '0.4', '2.5D', 'B品', 0, 0.00, '通用标', '晟煜'),
	('1796', '留空', '留空', '0.33', '2.5D', 'B品', 0, 0.00, '通用标', '晟煜'),
	('1798', '大可乐', '大可乐 3', '0.4', '2.5D', 'B品', 0, 0.00, '通用标', '晟煜'),
	('180', 'LG', 'LG L70单卡版', '0.33', '2.5D', 'B品', 570, 0.00, '通用标', '晟煜'),
	('1800', '大可乐', '大可乐 3', '0.33', '2.5D', 'B品', 4000, 0.00, '通用标', '晟煜'),
	('1802', 'TCL', 'TCL P588L', '0.4', '2.5D', 'B品', 0, 0.00, '通用标', '晟煜'),
	('1804', 'TCL', 'TCL P588L', '0.33', '2.5D', 'B品', 1500, 0.00, '通用标', '晟煜'),
	('1806', 'OPPO', 'OPPO A11', '0.4', '2.5D', 'B品', 0, 0.00, '通用标', '晟煜'),
	('1808', 'OPPO', 'OPPO A11', '0.33', '2.5D', 'B品', 5154, 0.00, '通用标', '晟煜'),
	('1810', '华为', '华为荣耀 7\n', '0.4', '2.5D', 'B品', 0, 0.00, '通用标', '晟煜'),
	('1812', '华为', '华为荣耀 7\n', '0.33', '2.5D', 'B品', 9165, 0.00, '通用标', '晟煜'),
	('1814', '三星', '三星 A8', '0.4', '2.5D', 'B品', 0, 0.00, '通用标', '晟煜'),
	('1816', '三星', '三星 A8', '0.33', '2.5D', 'B品', 8928, 0.00, '通用标', '晟煜'),
	('1818', '联想', '联想 A7000', '0.4', '2.5D', 'B品', 2950, 0.00, '通用标', '晟煜'),
	('182', '诺基亚', '诺基亚635', '0.4', '2.5D', 'B品', 0, 0.00, '通用标', '晟煜'),
	('1820', '联想', '联想 A7000', '0.33', '2.5D', 'B品', 0, 0.00, '通用标', '晟煜'),
	('1822', '留空', '留空', '0.4', '2.5D', 'B品', 0, 0.00, '通用标', '晟煜'),
	('1824', '留空', '留空', '0.33', '2.5D', 'B品', 0, 0.00, '通用标', '晟煜'),
	('1826', '索尼', '索尼 Z3mini后膜', '0.4', '2.5D', 'B品', 0, 0.00, '通用标', '晟煜'),
	('1828', '索尼', '索尼 Z3mini后膜', '0.33', '2.5D', 'B品', 150, 0.00, '通用标', '晟煜'),
	('1830', '三星', '三星note5', '0.4', '2.5D', 'B品', 0, 0.00, '通用标', '晟煜'),
	('1832', '三星', '三星note5', '0.33', '2.5D', 'B品', 13637, 0.00, '通用标', '晟煜'),
	('1834', '华为', '华为荣耀4A', '0.4', '2.5D', 'B品', 0, 0.00, '通用标', '晟煜'),
	('1836', '华为', '华为荣耀4A', '0.33', '2.5D', 'B品', 6647, 0.00, '通用标', '晟煜'),
	('1838', '索尼', '索尼 Z3后膜', '0.4', '2.5D', 'B品', 0, 0.00, '通用标', '晟煜'),
	('184', '诺基亚', '诺基亚635', '0.33', '2.5D', 'B品', 4640, 0.00, '通用标', '晟煜'),
	('1840', '索尼', '索尼 Z3后膜', '0.33', '2.5D', 'B品', 0, 0.00, '通用标', '晟煜'),
	('1842', '乐视', '乐视MAX', '0.4', '2.5D', 'B品', 0, 0.00, '通用标', '晟煜'),
	('1844', '乐视', '乐视MAX', '0.33', '2.5D', 'B品', 8777, 0.00, '通用标', '晟煜'),
	('1846', '小米', '红米 Note2', '0.4', '2.5D', 'B品', 0, 0.00, '通用标', '晟煜'),
	('1848', '小米', '红米 Note2', '0.33', '2.5D', 'B品', 7091, 0.00, '通用标', '晟煜'),
	('1850', '酷派', '酷派 F3', '0.4', '2.5D', 'B品', 0, 0.00, '通用标', '晟煜'),
	('1852', '酷派', '酷派 F3', '0.33', '2.5D', 'B品', 10640, 0.00, '通用标', '晟煜'),
	('1854', 'OPPO', 'OPPO R829T后膜', '0.4', '2.5D', 'B品', 0, 0.00, '通用标', '晟煜'),
	('1856', 'OPPO', 'OPPO R829T后膜', '0.33', '2.5D', 'B品', 0, 0.00, '通用标', '晟煜'),
	('1858', '步步高', '步步高 Y37', '0.4', '2.5D', 'B品', 0, 0.00, '通用标', '晟煜'),
	('186', '三星', '三星 T210 平板\n', '0.4', '0.4', '', 1978, NULL, '通用标', '晟煜'),
	('1860', '步步高', '步步高 Y37', '0.33', '2.5D', 'B品', 9139, 0.00, '通用标', '晟煜'),
	('1862', '联想', '联想 S668T', '0.4', '2.5D', 'B品', 0, 0.00, '通用标', '晟煜'),
	('1864', '联想', '联想 S668T', '0.33', '2.5D', 'B品', 2253, 0.00, '通用标', '晟煜'),
	('1866', '金立', '金立 E6 mini', '0.4', '2.5D', 'B品', 0, 0.00, '通用标', '晟煜'),
	('1868', '金立', '金立 E6 mini', '0.33', '2.5D', 'B品', 0, 0.00, '通用标', '晟煜'),
	('1870', '酷派', '酷派 K1-NT', '0.4', '2.5D', 'B品', 0, 0.00, '通用标', '晟煜'),
	('1872', '酷派', '酷派 K1-NT', '0.33', '2.5D', 'B品', 5301, 0.00, '通用标', '晟煜'),
	('1874', '酷派', '酷派 K1-NT后膜', '0.4', '2.5D', 'B品', 0, 0.00, '通用标', '晟煜'),
	('1876', '酷派', '酷派 K1-NT后膜', '0.33', '2.5D', 'B品', 0, 0.00, '通用标', '晟煜'),
	('1878', '阿尔卡特', '阿尔卡特 7046', '0.4', '2.5D', 'B品', 0, 0.00, '通用标', '晟煜'),
	('188', '三星', '三星 T210 平板\n', '0.33', '2.5D', 'B品', 0, 0.00, '通用标', '晟煜'),
	('1880', '阿尔卡特', '阿尔卡特 7046', '0.33', '2.5D', 'B品', 4049, 0.00, '通用标', '晟煜'),
	('1882', '京瓷', '京瓷6740', '0.4', '2.5D', 'B品', 0, 0.00, '通用标', '晟煜'),
	('1884', '京瓷', '京瓷6740', '0.33', '2.5D', 'B品', 3569, 0.00, '通用标', '晟煜'),
	('1886', '魅族', '魅蓝2', '0.4', '2.5D', 'B品', 0, 0.00, '通用标', '晟煜'),
	('1888', '魅族', '魅蓝2', '0.33', '2.5D', 'B品', 834, 0.00, '通用标', '晟煜'),
	('1890', '联想', '联想 A688T', '0.4', '2.5D', 'B品', 0, 0.00, '通用标', '晟煜'),
	('1892', '联想', '联想 A688T', '0.33', '2.5D', 'B品', 7695, 0.00, '通用标', '晟煜'),
	('1894', '酷派', '酷派 note3', '0.4', '2.5D', 'B品', 0, 0.00, '通用标', '晟煜'),
	('1896', '酷派', '酷派 note3', '0.33', '2.5D', 'B品', 4610, 0.00, '通用标', '晟煜'),
	('1898', '金立', '金立E7 Mini', '0.4', '2.5D', 'B品', 0, 0.00, '通用标', '晟煜'),
	('190', '小米', '小米4', '0.4', '2.5D', 'B品', 3042, 0.00, '通用标', '晟煜'),
	('1900', '金立', '金立E7 Mini', '0.33', '2.5D', 'B品', 0, 0.00, '通用标', '晟煜'),
	('1902', '金立', '金立 F103', '0.4', '2.5D', 'B品', 1000, 0.00, '通用标', '晟煜'),
	('1904', '金立', '金立 F103', '0.33', '2.5D', 'B品', 0, 0.00, '通用标', '晟煜'),
	('1906', '一加', '一加2代', '0.4', '2.5D', 'B品', 0, 0.00, '通用标', '晟煜'),
	('1908', '一加', '一加2代', '0.33', '2.5D', 'B品', 1614, 0.00, '通用标', '晟煜'),
	('1910', '步步高', '步步高Y33', '0.4', '2.5D', 'B品', 0, 0.00, '通用标', '晟煜'),
	('1912', '步步高', '步步高Y33', '0.33', '2.5D', 'B品', 11766, 0.00, '通用标', '晟煜'),
	('1914', 'Moto', 'moto g3', '0.4', '2.5D', 'B品', 0, 0.00, '通用标', '晟煜'),
	('1916', 'Moto', 'moto g3', '0.33', '2.5D', 'B品', 557, 0.00, '通用标', '晟煜'),
	('1918', '华为', '华为D199', '0.4', '2.5D', 'B品', 0, 0.00, '通用标', '晟煜'),
	('192', '小米', '小米4', '0.33', '2.5D', 'B品', 0, 0.00, '通用标', '晟煜'),
	('1920', '华为', '华为D199', '0.33', '2.5D', 'B品', 5677, 0.00, '通用标', '晟煜'),
	('1922', '中兴', '中兴 Z752C', '0.4', '2.5D', 'B品', 0, 0.00, '通用标', '晟煜'),
	('1924', '中兴', '中兴 Z752C', '0.33', '2.5D', 'B品', 1040, 0.00, '通用标', '晟煜'),
	('1926', 'LG', 'LG LS751 ', '0.4', '2.5D', 'B品', 0, 0.00, '通用标', '晟煜'),
	('1928', 'LG', 'LG LS751 ', '0.33', '2.5D', 'B品', 1214, 0.00, '通用标', '晟煜'),
	('194', '京瓷', '京瓷6730', '0.4', '2.5D', 'B品', 600, 0.00, '通用标', '晟煜'),
	('196', '京瓷', '京瓷6730', '0.33', '2.5D', 'B品', 650, 0.00, '通用标', '晟煜'),
	('198', '三星', '三星S5mini', '0.4', '2.5D', 'B品', 150, 0.00, '通用标', '晟煜'),
	('20', '客供图', '摩派iphone6(4.7寸)', '0.33', '2.5D', 'B品', 0, 0.00, '摩派标', '晟煜'),
	('200', '三星', '三星S5mini', '0.33', '2.5D', 'B品', 0, 0.00, '通用标', '晟煜'),
	('202', '步步高', '步步高 Xplay', '0.4', '2.5D', 'B品', 1400, 0.00, '通用标', '晟煜'),
	('204', '步步高', '步步高 Xplay', '0.33', '2.5D', 'B品', 0, 0.00, '通用标', '晟煜'),
	('206', '三星', '三星 T800 平板', '0.4', '0.4', '', 21, NULL, '通用标', '晟煜'),
	('208', '三星', '三星 T800 平板', '0.33', '2.5D', 'B品', 0, 0.00, '通用标', '晟煜'),
	('210', '谷歌', '谷歌4 ', '0.4', '2.5D', 'B品', 5353, 0.00, '通用标', '晟煜'),
	('212', '谷歌', '谷歌4 ', '0.33', '2.5D', 'B品', 8473, 0.00, '通用标', '晟煜'),
	('214', 'LG', 'LG G2', '0.4', '2.5D', 'B品', 0, 0.00, '通用标', '晟煜'),
	('216', 'LG', 'LG G2', '0.33', '2.5D', 'B品', 721, 0.00, '通用标', '晟煜'),
	('218', '索尼', '索尼SP', '0.4', '2.5D', 'B品', 250, 0.00, '通用标', '晟煜'),
	('220', '索尼', '索尼SP', '0.33', '2.5D', 'B品', 0, 0.00, '通用标', '晟煜'),
	('222', '索尼', '索尼M1', '0.4', '2.5D', 'B品', 100, 0.00, '通用标', '晟煜'),
	('224', '索尼', '索尼M1', '0.33', '2.5D', 'B品', 0, 0.00, '通用标', '晟煜'),
	('226', '三星', '三星T110平板', '0.4', '0.4', '', 2386, NULL, '通用标', '晟煜'),
	('228', '三星', '三星T110平板', '0.33', '2.5D', 'B品', 0, 0.00, '通用标', '晟煜'),
	('230', '苹果', 'ipad Mini 平板', '0.4', '2.5D', 'B品', 0, 0.00, '通用标', '晟煜'),
	('232', '苹果', 'ipad Mini 平板', '0.33', '2.5D', 'B品', 0, 0.00, '通用标', '晟煜'),
	('234', '谷歌', '谷歌5', '0.4', '2.5D', 'B品', 1550, 0.00, '通用标', '晟煜'),
	('236', '谷歌', '谷歌5', '0.33', '2.5D', 'B品', 9508, 0.00, '通用标', '晟煜'),
	('238', '三星', '三星 T700 平板', '0.4', '0.4', '', 1638, NULL, '通用标', '晟煜'),
	('24', '客供图', '摩派iphone6 PLUS', '0.33', '2.5D', 'B品', 0, 0.00, '摩派标', '晟煜'),
	('240', '三星', '三星 T700 平板', '0.33', '2.5D', 'B品', 0, 0.00, '通用标', '晟煜'),
	('242', 'OPPO', 'OPPO find7', '0.4', '2.5D', 'B品', 0, 0.00, '通用标', '晟煜'),
	('244', 'OPPO', 'OPPO find7', '0.33', '2.5D', 'B品', 105, 0.00, '通用标', '晟煜'),
	('246', '三星', '三星G355H', '0.4', '2.5D', 'B品', 0, 0.00, '通用标', '晟煜'),
	('248', '三星', '三星G355H', '0.33', '2.5D', 'B品', 600, 0.00, '通用标', '晟煜'),
	('250', 'LG', 'LG G2 mini', '0.4', '2.5D', 'B品', 0, 0.00, '通用标', '晟煜'),
	('252', 'LG', 'LG G2 mini', '0.33', '2.5D', 'B品', 50, 0.00, '通用标', '晟煜'),
	('254', '步步高', '步步高 Xplay 3s', '0.4', '2.5D', 'B品', 300, 0.00, '通用标', '晟煜'),
	('256', '步步高', '步步高 Xplay 3s', '0.33', '2.5D', 'B品', 250, 0.00, '通用标', '晟煜'),
	('258', 'OPPO', 'OPPO N1', '0.4', '2.5D', 'B品', 600, 0.00, '通用标', '晟煜'),
	('260', 'OPPO', 'OPPO N1', '0.33', '2.5D', 'B品', 500, 0.00, '通用标', '晟煜'),
	('262', 'OPPO', 'OPPO Find5', '0.4', '2.5D', 'B品', 205, 0.00, '通用标', '晟煜'),
	('264', 'OPPO', 'OPPO Find5', '0.33', '2.5D', 'B品', 400, 0.00, '通用标', '晟煜'),
	('266', '步步高', '步步高 Xshot', '0.4', '2.5D', 'B品', 50, 0.00, '通用标', '晟煜'),
	('268', '步步高', '步步高 Xshot', '0.33', '2.5D', 'B品', 750, 0.00, '通用标', '晟煜'),
	('270', 'HTC', 'HTC D616', '0.4', '2.5D', 'B品', 1974, 0.00, '通用标', '晟煜'),
	('272', 'HTC', 'HTC D616', '0.33', '2.5D', 'B品', 9450, 0.00, '通用标', '晟煜'),
	('274', '索尼', '索尼 S39H', '0.4', '2.5D', 'B品', 363, 0.00, '通用标', '晟煜'),
	('276', '索尼', '索尼 S39H', '0.33', '2.5D', 'B品', 0, 0.00, '通用标', '晟煜'),
	('278', 'Moto', 'Moto g', '0.4', '2.5D', 'B品', 0, 0.00, '通用标', '晟煜'),
	('280', 'Moto', 'Moto g', '0.33', '2.5D', 'B品', 0, 0.00, '通用标', '晟煜'),
	('282', 'LG', ' LG D500', '0.4', '2.5D', 'B品', 0, 0.00, '通用标', '晟煜'),
	('284', 'LG', ' LG D500', '0.33', '2.5D', 'B品', 0, 0.00, '通用标', '晟煜'),
	('286', '三星', '三星 G350', '0.4', '2.5D', 'B品', 0, 0.00, '通用标', '晟煜'),
	('288', '三星', '三星 G350', '0.33', '2.5D', 'B品', 300, 0.00, '通用标', '晟煜'),
	('290', '三星', '三星G3812', '0.4', '2.5D', 'B品', 0, 0.00, '通用标', '晟煜'),
	('292', '三星', '三星G3812', '0.33', '2.5D', 'B品', 184, 0.00, '通用标', '晟煜'),
	('294', '索尼', '索尼T3', '0.4', '2.5D', 'B品', 350, 0.00, '通用标', '晟煜'),
	('296', '索尼', '索尼T3', '0.33', '2.5D', 'B品', 2500, 0.00, '通用标', '晟煜'),
	('298', '三星', '三星G110', '0.4', '2.5D', 'B品', 0, 0.00, '通用标', '晟煜'),
	('300', '三星', '三星G110', '0.33', '2.5D', 'B品', 500, 0.00, '通用标', '晟煜'),
	('302', 'Moto', 'moto g2', '0.4', '2.5D', 'B品', 19, 0.00, '通用标', '晟煜'),
	('304', 'Moto', 'moto g2', '0.33', '2.5D', 'B品', 842, 0.00, '通用标', '晟煜'),
	('306', '三星', '三星G386T', '0.4', '2.5D', 'B品', 500, 0.00, '通用标', '晟煜'),
	('308', '三星', '三星G386T', '0.33', '2.5D', 'B品', 0, 0.00, '通用标', '晟煜'),
	('310', 'HTC', 'HTC D816', '0.4', '2.5D', 'B品', 76, 0.00, '通用标', '晟煜'),
	('312', 'HTC', 'HTC D816', '0.33', '2.5D', 'B品', 6915, 0.00, '通用标', '晟煜'),
	('314', '留空', '留空', '0.4', '2.5D', 'B品', 0, 0.00, '通用标', '晟煜'),
	('316', '留空', '留空', '0.33', '2.5D', 'B品', 0, 0.00, '通用标', '晟煜'),
	('318', '三星', '三星 G850F', '0.4', '2.5D', 'B品', 1936, 0.00, '通用标', '晟煜'),
	('320', '三星', '三星 G850F', '0.33', '2.5D', 'B品', 0, 0.00, '通用标', '晟煜'),
	('322', '索尼', '索尼C3', '0.4', '2.5D', 'B品', 0, 0.00, '通用标', '晟煜'),
	('324', '索尼', '索尼C3', '0.33', '2.5D', 'B品', 147, 0.00, '通用标', '晟煜'),
	('326', 'LG', 'LG  L80 双卡版', '0.4', '2.5D', 'B品', 100, 0.00, '通用标', '晟煜'),
	('328', 'LG', 'LG  L80 双卡版', '0.33', '2.5D', 'B品', 0, 0.00, '通用标', '晟煜'),
	('330', 'Moto', 'Moto E', '0.4', '2.5D', 'B品', 0, 0.00, '通用标', '晟煜'),
	('332', 'Moto', 'Moto E', '0.33', '2.5D', 'B品', 0, 0.00, '通用标', '晟煜'),
	('334', '三星', '三星T320 平板 ', '0.4', '0.4', '', 2290, NULL, '通用标', '晟煜'),
	('336', '三星', '三星T320 平板 ', '0.33', '2.5D', 'B品', 0, 0.00, '通用标', '晟煜'),
	('338', '苹果', 'iphone6(4.7寸)', '0.4', '2.5D', 'B品', 3420, 0.00, '通用标', '晟煜'),
	('340', '苹果', 'iphone6(4.7寸)', '0.33', '2.5D', 'B品', 3849, 0.00, '通用标', '晟煜'),
	('342', '苹果', 'iphone6(5.5寸)', '0.4', '2.5D', 'B品', 2125, 0.00, '通用标', '晟煜'),
	('344', '苹果', 'iphone6(5.5寸)', '0.33', '2.5D', 'B品', 7303, 0.00, '通用标', '晟煜'),
	('346', 'LG', 'LG vs880', '0.4', '2.5D', 'B品', 250, 0.00, '通用标', '晟煜'),
	('348', 'LG', 'LG vs880', '0.33', '2.5D', 'B品', 200, 0.00, '通用标', '晟煜'),
	('350', 'HTC', 'HTC D510', '0.4', '2.5D', 'B品', 200, 0.00, '通用标', '晟煜'),
	('352', 'HTC', 'HTC D510', '0.33', '2.5D', 'B品', 1400, 0.00, '通用标', '晟煜'),
	('354', 'LG', 'LG G3mini', '0.4', '2.5D', 'B品', 0, 0.00, '通用标', '晟煜'),
	('356', 'LG', 'LG G3mini', '0.33', '2.5D', 'B品', 3565, 0.00, '通用标', '晟煜'),
	('358', '夏普 ', '夏普 306', '0.4', '2.5D', 'B品', 1700, 0.00, '通用标', '晟煜'),
	('360', '夏普 ', '夏普 306', '0.33', '2.5D', 'B品', 0, 0.00, '通用标', '晟煜'),
	('362', '索尼', '索尼Z3', '0.4', '2.5D', 'B品', 408, 0.00, '通用标', '晟煜'),
	('364', '索尼', '索尼Z3', '0.33', '2.5D', 'B品', 981, 0.00, '通用标', '晟煜'),
	('366', '三星', '三星G313 ', '0.4', '2.5D', 'B品', 30, 0.00, '通用标', '晟煜'),
	('368', '三星', '三星G313 ', '0.33', '2.5D', 'B品', 2100, 0.00, '通用标', '晟煜'),
	('370', '中兴', '中兴Z970', '0.4', '2.5D', 'B品', 3787, 0.00, '通用标', '晟煜'),
	('372', '中兴', '中兴Z970', '0.33', '2.5D', 'B品', 1427, 0.00, '通用标', '晟煜'),
	('374', '苹果', 'ipad 2 平板', '0.4', '0.4', '', 1942, NULL, '通用标', '晟煜'),
	('376', '苹果', 'ipad 2 平板', '0.33', '2.5D', 'B品', 0, 0.00, '通用标', '晟煜'),
	('378', '华为', '华为mate7', '0.4', '2.5D', 'B品', 0, 0.00, '通用标', '晟煜'),
	('380', '华为', '华为mate7', '0.33', '2.5D', 'B品', 2529, 0.00, '通用标', '晟煜'),
	('382', '苹果', 'ipad5 平板', '0.4', '0.4', '', 3487, NULL, '通用标', '晟煜'),
	('384', '苹果', 'ipad5 平板', '0.33', '2.5D', 'B品', 0, 0.00, '通用标', '晟煜'),
	('386', '三星', '三星Note 4', '0.4', '2.5D', 'B品', 5240, 0.00, '通用标', '晟煜'),
	('388', '三星', '三星Note 4', '0.33', '2.5D', 'B品', 0, 0.00, '通用标', '晟煜'),
	('390', '阿尔卡特', '阿尔卡特7040', '0.4', '2.5D', 'B品', 5050, 0.00, '通用标', '晟煜'),
	('392', '阿尔卡特', '阿尔卡特7040', '0.33', '2.5D', 'B品', 3150, 0.00, '通用标', '晟煜'),
	('394', 'LG', 'LG LS660', '0.4', '2.5D', 'B品', 0, 0.00, '通用标', '晟煜'),
	('396', 'LG', 'LG LS660', '0.33', '2.5D', 'B品', 0, 0.00, '通用标', '晟煜'),
	('398', '魅族', '魅族 mx4', '0.4', '2.5D', 'B品', 3397, 0.00, '通用标', '晟煜'),
	('40', '客供图', '摩派LG LS740', '0.33', '2.5D', 'B品', 0, 0.00, '摩派标', '晟煜'),
	('400', '魅族', '魅族 mx4', '0.33', '2.5D', 'B品', 600, 0.00, '通用标', '晟煜'),
	('402', '三星', '三星G530', '0.4', '2.5D', 'B品', 0, 0.00, '通用标', '晟煜'),
	('404', '三星', '三星G530', '0.33', '2.5D', 'B品', 2303, 0.00, '通用标', '晟煜'),
	('406', '索尼', '索尼Z3mini', '0.4', '2.5D', 'B品', 300, 0.00, '通用标', '晟煜'),
	('408', '索尼', '索尼Z3mini', '0.33', '2.5D', 'B品', 0, 0.00, '通用标', '晟煜'),
	('410', '索尼', '索尼E3', '0.4', '2.5D', 'B品', 189, 0.00, '通用标', '晟煜'),
	('412', '索尼', '索尼E3', '0.33', '2.5D', 'B品', 300, 0.00, '通用标', '晟煜'),
	('414', '诺基亚', '诺基亚530', '0.4', '2.5D', 'B品', 0, 0.00, '通用标', '晟煜'),
	('416', '诺基亚', '诺基亚530', '0.33', '2.5D', 'B品', 0, 0.00, '通用标', '晟煜'),
	('418', '华为', '华为 Y600', '0.4', '2.5D', 'B品', 3975, 0.00, '通用标', '晟煜'),
	('420', '华为', '华为 Y600', '0.33', '2.5D', 'B品', 4900, 0.00, '通用标', '晟煜'),
	('422', '华为', '华为  G610', '0.4', '2.5D', 'B品', 0, 0.00, '通用标', '晟煜'),
	('424', '华为', '华为  G610', '0.33', '2.5D', 'B品', 3550, 0.00, '通用标', '晟煜'),
	('426', '三星', '三星7582', '0.4', '2.5D', 'B品', 0, 0.00, '通用标', '晟煜'),
	('428', '三星', '三星7582', '0.33', '2.5D', 'B品', 0, 0.00, '通用标', '晟煜'),
	('430', '华为', '华为 Y530', '0.4', '2.5D', 'B品', 5020, 0.00, '通用标', '晟煜'),
	('432', '华为', '华为 Y530', '0.33', '2.5D', 'B品', 6822, 0.00, '通用标', '晟煜'),
	('434', '三星', '三星 A3', '0.4', '2.5D', 'B品', 1150, 0.00, '通用标', '晟煜'),
	('436', '三星', '三星 A3', '0.33', '2.5D', 'B品', 0, 0.00, '通用标', '晟煜'),
	('438', '三星', '三星 A5', '0.4', '2.5D', 'B品', 0, 0.00, '通用标', '晟煜'),
	('440', '三星', '三星 A5', '0.33', '2.5D', 'B品', 786, 0.00, '通用标', '晟煜'),
	('442', 'OPPO', 'OPPO N3', '0.4', '2.5D', 'B品', 350, 0.00, '通用标', '晟煜'),
	('444', 'OPPO', 'OPPO N3', '0.33', '2.5D', 'B品', 500, 0.00, '通用标', '晟煜'),
	('446', 'OPPO', 'OPPO R5', '0.4', '2.5D', 'B品', 145, 0.00, '通用标', '晟煜'),
	('448', 'OPPO', 'OPPO R5', '0.33', '2.5D', 'B品', 842, 0.00, '通用标', '晟煜'),
	('450', '步步高', '步步高Y18', '0.4', '2.5D', 'B品', 1400, 0.00, '通用标', '晟煜'),
	('452', '步步高', '步步高Y18', '0.33', '2.5D', 'B品', 5650, 0.00, '通用标', '晟煜'),
	('454', '三星', '三星 A7', '0.4', '2.5D', 'B品', 0, 0.00, '通用标', '晟煜'),
	('456', '三星', '三星 A7', '0.33', '2.5D', 'B品', 0, 0.00, '通用标', '晟煜'),
	('458', '三星', '三星G357FZ', '0.4', '2.5D', 'B品', 0, 0.00, '通用标', '晟煜'),
	('460', '三星', '三星G357FZ', '0.33', '2.5D', 'B品', 4250, 0.00, '通用标', '晟煜'),
	('462', 'OPPO', 'OPPO R1001', '0.4', '2.5D', 'B品', 0, 0.00, '通用标', '晟煜'),
	('464', 'OPPO', 'OPPO R1001', '0.33', '2.5D', 'B品', 625, 0.00, '通用标', '晟煜'),
	('466', '三星', '三星G750', '0.4', '2.5D', 'B品', 5542, 0.00, '通用标', '晟煜'),
	('468', '三星', '三星G750', '0.33', '2.5D', 'B品', 5450, 0.00, '通用标', '晟煜'),
	('470', '金立', '金立E7', '0.4', '2.5D', 'B品', 100, 0.00, '通用标', '晟煜'),
	('472', '金立', '金立E7', '0.33', '2.5D', 'B品', 0, 0.00, '通用标', '晟煜'),
	('474', '联想', '联想 A850+', '0.4', '2.5D', 'B品', 4722, 0.00, '通用标', '晟煜'),
	('476', '联想', '联想 A850+', '0.33', '2.5D', 'B品', 1490, 0.00, '通用标', '晟煜'),
	('478', '联想', '联想S850', '0.4', '2.5D', 'B品', 1582, 0.00, '通用标', '晟煜'),
	('480', '联想', '联想S850', '0.33', '2.5D', 'B品', 1145, 0.00, '通用标', '晟煜'),
	('482', '联想', '联想  A850', '0.4', '2.5D', 'B品', 0, 0.00, '通用标', '晟煜'),
	('484', '联想', '联想  A850', '0.33', '2.5D', 'B品', 8583, 0.00, '通用标', '晟煜'),
	('486', '联想', '联想 S939', '0.4', '2.5D', 'B品', 4350, 0.00, '通用标', '晟煜'),
	('488', '联想', '联想 S939', '0.33', '2.5D', 'B品', 2400, 0.00, '通用标', '晟煜'),
	('490', '金立', '金立W800', '0.4', '2.5D', 'B品', 0, 0.00, '通用标', '晟煜'),
	('492', '金立', '金立W800', '0.33', '2.5D', 'B品', 100, 0.00, '通用标', '晟煜'),
	('494', '诺基亚', '诺基亚820', '0.4', '2.5D', 'B品', 5400, 0.00, '通用标', '晟煜'),
	('496', '诺基亚', '诺基亚820', '0.33', '2.5D', 'B品', 3050, 0.00, '通用标', '晟煜'),
	('498', '联想', '联想  A880', '0.4', '2.5D', 'B品', 3850, 0.00, '通用标', '晟煜'),
	('500', '联想', '联想  A880', '0.33', '2.5D', 'B品', 6800, 0.00, '通用标', '晟煜'),
	('502', '三星', '三星T530平板', '0.4', '0.4', '', 2272, NULL, '通用标', '晟煜'),
	('504', '三星', '三星T530平板', '0.33', '2.5D', 'B品', 0, 0.00, '通用标', '晟煜'),
	('506', '三星', '三星N8000 平板', '0.4', '2.5D', 'B品', 1080, 0.00, '通用标', '晟煜'),
	('508', '三星', '三星N8000 平板', '0.33', '2.5D', 'B品', 0, 0.00, '通用标', '晟煜'),
	('510', '三星', '三星P5200平板', '0.4', '0.4', '', 1365, NULL, '通用标', '晟煜'),
	('512', '三星', '三星P5200平板', '0.33', '2.5D', 'B品', 0, 0.00, '通用标', '晟煜'),
	('514', '三星', '三星T230 平板', '0.4', '2.5D', 'B品', 350, 0.00, '通用标', '晟煜'),
	('516', '三星', '三星T230 平板', '0.33', '2.5D', 'B品', 0, 0.00, '通用标', '晟煜'),
	('518', '三星', '三星T310平板', '0.4', '0.4', '', 805, NULL, '通用标', '晟煜'),
	('520', '三星', '三星T310平板', '0.33', '2.5D', 'B品', 0, 0.00, '通用标', '晟煜'),
	('522', '三星', '三星G5108', '0.4', '2.5D', 'B品', 7050, 0.00, '通用标', '晟煜'),
	('524', '三星', '三星G5108', '0.33', '2.5D', 'B品', 3850, 0.00, '通用标', '晟煜'),
	('526', '联想', '联想A806', '0.4', '2.5D', 'B品', 3954, 0.00, '通用标', '晟煜'),
	('528', '联想', '联想A806', '0.33', '2.5D', 'B品', 3176, 0.00, '通用标', '晟煜'),
	('530', '步步高', '步步高 X5L', '0.4', '2.5D', 'B品', 907, 0.00, '通用标', '晟煜'),
	('532', '步步高', '步步高 X5L', '0.33', '2.5D', 'B品', 1552, 0.00, '通用标', '晟煜'),
	('534', '步步高', '步步高 Y13', '0.4', '2.5D', 'B品', 100, 0.00, '通用标', '晟煜'),
	('536', '步步高', '步步高 Y13', '0.33', '2.5D', 'B品', 402, 0.00, '通用标', '晟煜'),
	('538', '步步高', '步步高Y17', '0.4', '2.5D', 'B品', 200, 0.00, '通用标', '晟煜'),
	('540', '步步高', '步步高Y17', '0.33', '2.5D', 'B品', 400, 0.00, '通用标', '晟煜'),
	('542', '步步高', '步步高Y22', '0.4', '2.5D', 'B品', 5950, 0.00, '通用标', '晟煜'),
	('544', '步步高', '步步高Y22', '0.33', '2.5D', 'B品', 3100, 0.00, '通用标', '晟煜'),
	('546', '步步高', '步步高Y27', '0.4', '2.5D', 'B品', 100, 0.00, '通用标', '晟煜'),
	('548', '步步高', '步步高Y27', '0.33', '2.5D', 'B品', 2116, 0.00, '通用标', '晟煜'),
	('550', 'OPPO', 'OPPO R3', '0.4', '2.5D', 'B品', 3674, 0.00, '通用标', '晟煜'),
	('552', 'OPPO', 'OPPO R3', '0.33', '2.5D', 'B品', 3397, 0.00, '通用标', '晟煜'),
	('554', 'OPPO', 'OPPO R827T', '0.4', '2.5D', 'B品', 15, 0.00, '通用标', '晟煜'),
	('556', 'OPPO', 'OPPO R827T', '0.33', '2.5D', 'B品', 3768, 0.00, '通用标', '晟煜'),
	('558', 'OPPO', 'OPPO R829', '0.4', '2.5D', 'B品', 154, 0.00, '通用标', '晟煜'),
	('560', 'OPPO', 'OPPO R829', '0.33', '2.5D', 'B品', 5, 0.00, '通用标', '晟煜'),
	('562', 'OPPO', 'OPPO R831', '0.4', '2.5D', 'B品', 74, 0.00, '通用标', '晟煜'),
	('564', 'OPPO', 'OPPO R831', '0.33', '2.5D', 'B品', 413, 0.00, '通用标', '晟煜'),
	('566', '联想', '联想A606', '0.4', '2.5D', 'B品', 11700, 0.00, '通用标', '晟煜'),
	('568', '联想', '联想A606', '0.33', '2.5D', 'B品', 3750, 0.00, '通用标', '晟煜'),
	('570', '联想', '联想 X2', '0.4', '2.5D', 'B品', 1250, 0.00, '通用标', '晟煜'),
	('572', '联想', '联想 X2', '0.33', '2.5D', 'B品', 4772, 0.00, '通用标', '晟煜'),
	('574', '联想', '联想 A916', '0.4', '2.5D', 'B品', 6100, 0.00, '通用标', '晟煜'),
	('576', '联想', '联想 A916', '0.33', '2.5D', 'B品', 2950, 0.00, '通用标', '晟煜'),
	('578', '谷歌', '谷歌6', '0.4', '2.5D', 'B品', 7750, 0.00, '通用标', '晟煜'),
	('580', '谷歌', '谷歌6', '0.33', '2.5D', 'B品', 4426, 0.00, '通用标', '晟煜'),
	('582', 'LG', 'LG D690', '0.4', '2.5D', 'B品', 0, 0.00, '通用标', '晟煜'),
	('584', 'LG', 'LG D690', '0.33', '2.5D', 'B品', 0, 0.00, '通用标', '晟煜'),
	('586', 'LG', 'LG D337', '0.4', '2.5D', 'B品', 0, 0.00, '通用标', '晟煜'),
	('588', 'LG', 'LG D337', '0.33', '2.5D', 'B品', 0, 0.00, '通用标', '晟煜'),
	('590', '金立', '金立E3', '0.4', '2.5D', 'B品', 150, 0.00, '通用标', '晟煜'),
	('592', '金立', '金立E3', '0.33', '2.5D', 'B品', 0, 0.00, '通用标', '晟煜'),
	('594', 'Moto', 'Moto X2', '0.4', '2.5D', 'B品', 3450, 0.00, '通用标', '晟煜'),
	('596', 'Moto', 'Moto X2', '0.33', '2.5D', 'B品', 2600, 0.00, '通用标', '晟煜'),
	('598', '魅族', '魅族mx4 Pro', '0.4', '2.5D', 'B品', 7288, 0.00, '通用标', '晟煜'),
	('600', '魅族', '魅族mx4 Pro', '0.33', '2.5D', 'B品', 4733, 0.00, '通用标', '晟煜'),
	('602', 'HTC', 'HTC D516', '0.4', '2.5D', 'B品', 4500, 0.00, '通用标', '晟煜'),
	('604', 'HTC', 'HTC D516', '0.33', '2.5D', 'B品', 3850, 0.00, '通用标', '晟煜'),
	('606', '步步高', '步步高 X5max', '0.4', '2.5D', 'B品', 90, 0.00, '通用标', '晟煜'),
	('608', '步步高', '步步高 X5max', '0.33', '2.5D', 'B品', 4184, 0.00, '通用标', '晟煜'),
	('610', '华为', '华为 G620/C8817L', '0.4', '2.5D', 'B品', 347, 0.00, '通用标', '晟煜'),
	('612', '华为', '华为 G620/C8817L', '0.33', '2.5D', 'B品', 8395, 0.00, '通用标', '晟煜'),
	('614', '三星', '三星2013', '0.4', '2.5D', 'B品', 2550, 0.00, '通用标', '晟煜'),
	('616', '三星', '三星2013', '0.33', '2.5D', 'B品', 5200, 0.00, '通用标', '晟煜'),
	('618', '三星', '三星 W999', '0.4', '2.5D', 'B品', 6600, 0.00, '通用标', '晟煜'),
	('620', '三星', '三星 W999', '0.33', '2.5D', 'B品', 6050, 0.00, '通用标', '晟煜'),
	('622', '三星', '三星 2014', '0.4', '2.5D', 'B品', 0, 0.00, '通用标', '晟煜'),
	('624', '三星', '三星 2014', '0.33', '2.5D', 'B品', 1850, 0.00, '通用标', '晟煜'),
	('626', '金立', '金立S5.5', '0.4', '2.5D', 'B品', 250, 0.00, '通用标', '晟煜'),
	('628', '金立', '金立S5.5', '0.33', '2.5D', 'B品', 100, 0.00, '通用标', '晟煜'),
	('630', 'Moto', 'moto xt1254', '0.4', '2.5D', 'B品', 0, 0.00, '通用标', '晟煜'),
	('632', 'Moto', 'moto xt1254', '0.33', '2.5D', 'B品', 77, 0.00, '通用标', '晟煜'),
	('634', 'LG', 'LG D295', '0.4', '2.5D', 'B品', 0, 0.00, '通用标', '晟煜'),
	('636', 'LG', 'LG D295', '0.33', '2.5D', 'B品', 0, 0.00, '通用标', '晟煜'),
	('638', '华硕', '华硕PadFone X ', '0.4', '2.5D', 'B品', 2412, 0.00, '通用标', '晟煜'),
	('640', '华硕', '华硕PadFone X ', '0.33', '2.5D', 'B品', 4250, 0.00, '通用标', '晟煜'),
	('642', '步步高', '步步高Y23', '0.4', '2.5D', 'B品', 22, 0.00, '通用标', '晟煜'),
	('644', '步步高', '步步高Y23', '0.33', '2.5D', 'B品', 2650, 0.00, '通用标', '晟煜'),
	('646', '华为', '华为荣耀4', '0.4', '2.5D', 'B品', 1500, 0.00, '通用标', '晟煜'),
	('648', '华为', '华为荣耀4', '0.33', '2.5D', 'B品', 3450, 0.00, '通用标', '晟煜'),
	('650', '华为', '华为荣耀3X', '0.4', '2.5D', 'B品', 5493, 0.00, '通用标', '晟煜'),
	('652', '华为', '华为荣耀3X', '0.33', '2.5D', 'B品', 2722, 0.00, '通用标', '晟煜'),
	('654', '联想', '联想 K910', '0.4', '2.5D', 'B品', 0, 0.00, '通用标', '晟煜'),
	('656', '联想', '联想 K910', '0.33', '2.5D', 'B品', 0, 0.00, '通用标', '晟煜'),
	('658', '阿尔卡特', '阿尔卡特 C5', '0.4', '2.5D', 'B品', 6500, 0.00, '通用标', '晟煜'),
	('660', '阿尔卡特', '阿尔卡特 C5', '0.33', '2.5D', 'B品', 2550, 0.00, '通用标', '晟煜'),
	('662', '阿尔卡特', '阿尔卡特  C3', '0.4', '2.5D', 'B品', 2892, 0.00, '通用标', '晟煜'),
	('664', '阿尔卡特', '阿尔卡特  C3', '0.33', '2.5D', 'B品', 2400, 0.00, '通用标', '晟煜'),
	('666', '魅族', '魅蓝note', '0.4', '2.5D', 'B品', 0, 0.00, '通用标', '晟煜'),
	('668', '魅族', '魅蓝note', '0.33', '2.5D', 'B品', 5992, 0.00, '通用标', '晟煜'),
	('670', '诺基亚', '诺基亚 535', '0.4', '2.5D', 'B品', 0, 0.00, '通用标', '晟煜'),
	('672', '诺基亚', '诺基亚 535', '0.33', '2.5D', 'B品', 0, 0.00, '通用标', '晟煜'),
	('674', '华为', '华为mate2', '0.4', '2.5D', 'B品', 49, 0.00, '通用标', '晟煜'),
	('676', '华为', '华为mate2', '0.33', '2.5D', 'B品', 3750, 0.00, '通用标', '晟煜'),
	('678', 'OPPO', 'OPPO R3007', '0.4', '2.5D', 'B品', 63, 0.00, '通用标', '晟煜'),
	('680', 'OPPO', 'OPPO R3007', '0.33', '2.5D', 'B品', 10795, 0.00, '通用标', '晟煜'),
	('682', '华为', '华为C199', '0.4', '2.5D', 'B品', 150, 0.00, '通用标', '晟煜'),
	('684', '华为', '华为C199', '0.33', '2.5D', 'B品', 5059, 0.00, '通用标', '晟煜'),
	('686', '魅族', '魅蓝1代', '0.4', '2.5D', 'B品', 5620, 0.00, '通用标', '晟煜'),
	('688', '魅族', '魅蓝1代', '0.33', '2.5D', 'B品', 7150, 0.00, '通用标', '晟煜'),
	('690', '小米', '红米2', '0.4', '2.5D', 'B品', 3431, 0.00, '通用标', '晟煜'),
	('692', '小米', '红米2', '0.33', '2.5D', 'B品', 150, 0.00, '通用标', '晟煜'),
	('694', '华硕', '华硕6', '0.4', '2.5D', 'B品', 11123, 0.00, '通用标', '晟煜'),
	('696', '华硕', '华硕6', '0.33', '2.5D', 'B品', 7740, 0.00, '通用标', '晟煜'),
	('698', '留空', '留空', '0.4', '2.5D', 'B品', 0, 0.00, '通用标', '晟煜'),
	('700', '留空', '留空', '0.33', '2.5D', 'B品', 0, 0.00, '通用标', '晟煜'),
	('702', 'LG', 'LG D315', '0.4', '2.5D', 'B品', 0, 0.00, '通用标', '晟煜'),
	('704', 'LG', 'LG D315', '0.33', '2.5D', 'B品', 0, 0.00, '通用标', '晟煜'),
	('706', '留空', '留空', '0.4', '2.5D', 'B品', 0, 0.00, '通用标', '晟煜'),
	('708', '留空', '留空', '0.33', '2.5D', 'B品', 0, 0.00, '通用标', '晟煜'),
	('710', '步步高', '步步高 Y29', '0.4', '2.5D', 'B品', 0, 0.00, '通用标', '晟煜'),
	('712', '步步高', '步步高 Y29', '0.33', '2.5D', 'B品', 3597, 0.00, '通用标', '晟煜'),
	('714', '华为', '华为荣耀6', '0.4', '2.5D', 'B品', 100, 0.00, '通用标', '晟煜'),
	('716', '华为', '华为荣耀6', '0.33', '2.5D', 'B品', 11275, 0.00, '通用标', '晟煜'),
	('718', '华硕', '华硕5', '0.4', '2.5D', 'B品', 0, 0.00, '通用标', '晟煜'),
	('720', '华硕', '华硕5', '0.33', '2.5D', 'B品', 3045, 0.00, '通用标', '晟煜'),
	('722', '华为', '华为 G7', '0.4', '2.5D', 'B品', 0, 0.00, '通用标', '晟煜'),
	('724', '华为', '华为 G7', '0.33', '2.5D', 'B品', 2846, 0.00, '通用标', '晟煜'),
	('726', '华为', '华为荣耀6 Plus', '0.4', '2.5D', 'B品', 6250, 0.00, '通用标', '晟煜'),
	('728', '华为', '华为荣耀6 Plus', '0.33', '2.5D', 'B品', 11107, 0.00, '通用标', '晟煜'),
	('730', '华为', '华为荣耀4X', '0.4', '2.5D', 'B品', 163, 0.00, '通用标', '晟煜'),
	('732', '华为', '华为荣耀4X', '0.33', '2.5D', 'B品', 2050, 0.00, '通用标', '晟煜'),
	('734', '中兴', '中兴 V5 max', '0.4', '2.5D', 'B品', 5250, 0.00, '通用标', '晟煜'),
	('736', '中兴', '中兴 V5 max', '0.33', '2.5D', 'B品', 5479, 0.00, '通用标', '晟煜'),
	('738', '中兴', '中兴 Z5S mini', '0.4', '2.5D', 'B品', 9000, 0.00, '通用标', '晟煜'),
	('740', '中兴', '中兴 Z5S mini', '0.33', '2.5D', 'B品', 4850, 0.00, '通用标', '晟煜'),
	('742', 'OPPO', 'OPPO N1mini', '0.4', '2.5D', 'B品', 2376, 0.00, '通用标', '晟煜'),
	('744', 'OPPO', 'OPPO N1mini', '0.33', '2.5D', 'B品', 10607, 0.00, '通用标', '晟煜'),
	('746', '中兴', '中兴 Z7max ', '0.4', '2.5D', 'B品', 4750, 0.00, '通用标', '晟煜'),
	('748', '中兴', '中兴 Z7max ', '0.33', '2.5D', 'B品', 6475, 0.00, '通用标', '晟煜'),
	('750', '中兴', '中兴 N9130', '0.4', '2.5D', 'B品', 5050, 0.00, '通用标', '晟煜'),
	('752', '中兴', '中兴 N9130', '0.33', '2.5D', 'B品', 450, 0.00, '通用标', '晟煜'),
	('754', '酷派', '酷派 8720L', '0.4', '2.5D', 'B品', 1850, 0.00, '通用标', '晟煜'),
	('756', '酷派', '酷派 8720L', '0.33', '2.5D', 'B品', 5375, 0.00, '通用标', '晟煜'),
	('758', '酷派', '酷派F2', '0.4', '2.5D', 'B品', 0, 0.00, '通用标', '晟煜'),
	('760', '酷派', '酷派F2', '0.33', '2.5D', 'B品', 4830, 0.00, '通用标', '晟煜'),
	('762', '酷派', '酷派S6', '0.4', '2.5D', 'B品', 1100, 0.00, '通用标', '晟煜'),
	('764', '酷派', '酷派S6', '0.33', '2.5D', 'B品', 0, 0.00, '通用标', '晟煜'),
	('766', '酷派', '酷派Note', '0.4', '2.5D', 'B品', 2550, 0.00, '通用标', '晟煜'),
	('768', '酷派', '酷派Note', '0.33', '2.5D', 'B品', 8022, 0.00, '通用标', '晟煜'),
	('770', '索尼', '索尼Z1mini', '0.4', '2.5D', 'B品', 300, 0.00, '通用标', '晟煜'),
	('772', '索尼', '索尼Z1mini', '0.33', '2.5D', 'B品', 400, 0.00, '通用标', '晟煜'),
	('774', '华硕', '华硕4.5', '0.4', '2.5D', 'B品', 7270, 0.00, '通用标', '晟煜'),
	('776', '华硕', '华硕4.5', '0.33', '2.5D', 'B品', 2927, 0.00, '通用标', '晟煜'),
	('778', '华硕', '华硕4', '0.4', '2.5D', 'B品', 4324, 0.00, '通用标', '晟煜'),
	('780', '华硕', '华硕4', '0.33', '2.5D', 'B品', 2536, 0.00, '通用标', '晟煜'),
	('782', '三星', '三星E5', '0.4', '2.5D', 'B品', 8835, 0.00, '通用标', '晟煜'),
	('784', '三星', '三星E5', '0.33', '2.5D', 'B品', 13695, 0.00, '通用标', '晟煜'),
	('786', '三星', '三星E7', '0.4', '2.5D', 'B品', 350, 0.00, '通用标', '晟煜'),
	('788', '三星', '三星E7', '0.33', '2.5D', 'B品', 8600, 0.00, '通用标', '晟煜'),
	('790', '阿尔卡特', '阿尔卡特C7', '0.4', '2.5D', 'B品', 5579, 0.00, '通用标', '晟煜'),
	('792', '阿尔卡特', '阿尔卡特C7', '0.33', '2.5D', 'B品', 3550, 0.00, '通用标', '晟煜'),
	('794', '阿尔卡特', '阿尔卡特C9', '0.4', '2.5D', 'B品', 900, 0.00, '通用标', '晟煜'),
	('796', '阿尔卡特', '阿尔卡特C9', '0.33', '2.5D', 'B品', 4150, 0.00, '通用标', '晟煜'),
	('798', '三星', '三星G360', '0.4', '2.5D', 'B品', 21, 0.00, '通用标', '晟煜'),
	('800', '三星', '三星G360', '0.33', '2.5D', 'B品', 22, 0.00, '通用标', '晟煜'),
	('802', '中兴', '中兴 Z787', '0.4', '2.5D', 'B品', 5048, 0.00, '通用标', '晟煜'),
	('804', '中兴', '中兴 Z787', '0.33', '2.5D', 'B品', 2394, 0.00, '通用标', '晟煜'),
	('806', '三星', '三星 Z130', '0.4', '2.5D', 'B品', 8400, 0.00, '通用标', '晟煜'),
	('808', '三星', '三星 Z130', '0.33', '2.5D', 'B品', 7650, 0.00, '通用标', '晟煜'),
	('810', '联想', '联想 K3', '0.4', '2.5D', 'B品', 58, 0.00, '通用标', '晟煜'),
	('812', '联想', '联想 K3', '0.33', '2.5D', 'B品', 41, 0.00, '通用标', '晟煜'),
	('814', '华为', '华为B199', '0.4', '2.5D', 'B品', 147, 0.00, '通用标', '晟煜'),
	('816', '华为', '华为B199', '0.33', '2.5D', 'B品', 0, 0.00, '通用标', '晟煜'),
	('818', '联想', '联想 S898', '0.4', '2.5D', 'B品', 8350, 0.00, '通用标', '晟煜'),
	('820', '联想', '联想 S898', '0.33', '2.5D', 'B品', 2777, 0.00, '通用标', '晟煜'),
	('822', '金立', '金立 S5.1', '0.4', '2.5D', 'B品', 0, 0.00, '通用标', '晟煜'),
	('824', '金立', '金立 S5.1', '0.33', '2.5D', 'B品', 99, 0.00, '通用标', '晟煜'),
	('826', 'HTC', 'HTC D610', '0.4', '2.5D', 'B品', 6800, 0.00, '通用标', '晟煜'),
	('828', 'HTC', 'HTC D610', '0.33', '2.5D', 'B品', 7500, 0.00, '通用标', '晟煜'),
	('830', 'HTC', 'HTC D620', '0.4', '2.5D', 'B品', 1300, 0.00, '通用标', '晟煜'),
	('832', 'HTC', 'HTC D620', '0.33', '2.5D', 'B品', 61, 0.00, '通用标', '晟煜'),
	('834', '三星', '三星T330平板', '0.4', '0.4', '', 1765, NULL, '通用标', '晟煜'),
	('836', '三星', '三星T330平板', '0.33', '2.5D', 'B品', 0, 0.00, '通用标', '晟煜'),
	('838', '三星', '三星N5100平板', '0.4', '2.5D', 'B品', 0, 0.00, '通用标', '晟煜'),
	('840', '三星', '三星N5100平板', '0.33', '2.5D', 'B品', 0, 0.00, '通用标', '晟煜'),
	('842', 'HTC', 'HTC M9', '0.4', '2.5D', 'B品', 7700, 0.00, '通用标', '晟煜'),
	('844', 'HTC', 'HTC M9', '0.33', '2.5D', 'B品', 12650, 0.00, '通用标', '晟煜'),
	('846', 'OPPO', 'OPPO U3', '0.4', '2.5D', 'B品', 8150, 0.00, '通用标', '晟煜'),
	('848', 'OPPO', 'OPPO U3', '0.33', '2.5D', 'B品', 4675, 0.00, '通用标', '晟煜'),
	('850', 'OPPO', 'OPPO R1C前膜', '0.4', '2.5D', 'B品', 800, 0.00, '通用标', '晟煜'),
	('852', 'OPPO', 'OPPO R1C前膜', '0.33', '2.5D', 'B品', 430, 0.00, '通用标', '晟煜'),
	('854', 'OPPO', 'OPPO R1C后膜', '0.4', '2.5D', 'B品', 5000, 0.00, '通用标', '晟煜'),
	('856', 'OPPO', 'OPPO R1C后膜', '0.33', '2.5D', 'B品', 100, 0.00, '通用标', '晟煜'),
	('858', 'Moto', 'MOTO X', '0.4', '2.5D', 'B品', 1350, 0.00, '通用标', '晟煜'),
	('860', 'Moto', 'MOTO X', '0.33', '2.5D', 'B品', 4100, 0.00, '通用标', '晟煜'),
	('862', '三星', '三星S6', '0.4', '2.5D', 'B品', 4650, 0.00, '通用标', '晟煜'),
	('864', '三星', '三星S6', '0.33', '2.5D', 'B品', 5520, 0.00, '通用标', '晟煜'),
	('866', '中兴', '中兴 Z7mini', '0.4', '2.5D', 'B品', 5950, 0.00, '通用标', '晟煜'),
	('868', '中兴', '中兴 Z7mini', '0.33', '2.5D', 'B品', 3250, 0.00, '通用标', '晟煜'),
	('870', 'OPPO', 'OPPO R2017', '0.4', '2.5D', 'B品', 18, 0.00, '通用标', '晟煜'),
	('872', 'OPPO', 'OPPO R2017', '0.33', '2.5D', 'B品', 4171, 0.00, '通用标', '晟煜'),
	('874', '中兴', '中兴 Z7', '0.4', '2.5D', 'B品', 4300, 0.00, '通用标', '晟煜'),
	('876', '中兴', '中兴 Z7', '0.33', '2.5D', 'B品', 2900, 0.00, '通用标', '晟煜'),
	('878', '步步高', '步步高 Y28', '0.4', '2.5D', 'B品', 2550, 0.00, '通用标', '晟煜'),
	('880', '步步高', '步步高 Y28', '0.33', '2.5D', 'B品', 3850, 0.00, '通用标', '晟煜'),
	('882', '小米', '小米note', '0.4', '2.5D', 'B品', 0, 0.00, '通用标', '晟煜'),
	('884', '小米', '小米note', '0.33', '2.5D', 'B品', 0, 0.00, '通用标', '晟煜'),
	('886', '三星', '三星J1', '0.4', '2.5D', 'B品', 82, 0.00, '通用标', '晟煜'),
	('888', '三星', '三星J1', '0.33', '2.5D', 'B品', 3059, 0.00, '通用标', '晟煜'),
	('890', '三星', '三星2015', '0.4', '2.5D', 'B品', 2750, 0.00, '通用标', '晟煜'),
	('892', '三星', '三星2015', '0.33', '2.5D', 'B品', 3050, 0.00, '通用标', '晟煜'),
	('894', '三星', '三星G7200', '0.4', '2.5D', 'B品', 200, 0.00, '通用标', '晟煜'),
	('896', '三星', '三星G7200', '0.33', '2.5D', 'B品', 2701, 0.00, '通用标', '晟煜'),
	('898', 'Moto', 'Moto E2', '0.4', '2.5D', 'B品', 4940, 0.00, '通用标', '晟煜'),
	('900', 'Moto', 'Moto E2', '0.33', '2.5D', 'B品', 1510, 0.00, '通用标', '晟煜'),
	('902', '诺基亚', '诺基亚930', '0.4', '2.5D', 'B品', 295, 0.00, '通用标', '晟煜'),
	('904', '诺基亚', '诺基亚930', '0.33', '2.5D', 'B品', 4416, 0.00, '通用标', '晟煜'),
	('906', '中兴', '中兴 N9520', '0.4', '2.5D', 'B品', 0, 0.00, '通用标', '晟煜'),
	('908', '中兴', '中兴 N9520', '0.33', '2.5D', 'B品', 0, 0.00, '通用标', '晟煜'),
	('910', '步步高', '步步高 Y11', '0.4', '2.5D', 'B品', 11, 0.00, '通用标', '晟煜'),
	('912', '步步高', '步步高 Y11', '0.33', '2.5D', 'B品', 3100, 0.00, '通用标', '晟煜'),
	('914', 'OPPO', 'OPPO U707', '0.4', '2.5D', 'B品', 1400, 0.00, '通用标', '晟煜'),
	('916', 'OPPO', 'OPPO U707', '0.33', '2.5D', 'B品', 1564, 0.00, '通用标', '晟煜'),
	('918', '华为', '华为G6 ', '0.4', '2.5D', 'B品', 0, 0.00, '通用标', '晟煜'),
	('920', '华为', '华为G6 ', '0.33', '2.5D', 'B品', 3108, 0.00, '通用标', '晟煜'),
	('922', '步步高', '步步高Y20', '0.4', '2.5D', 'B品', 6429, 0.00, '通用标', '晟煜'),
	('924', '步步高', '步步高Y20', '0.33', '2.5D', 'B品', 6897, 0.00, '通用标', '晟煜'),
	('926', '华硕', '华硕2', '0.4', '2.5D', 'B品', 0, 0.00, '通用标', '晟煜'),
	('928', '华硕', '华硕2', '0.33', '2.5D', 'B品', 7323, 0.00, '通用标', '晟煜'),
	('930', '步步高', '步步高 Y19', '0.4', '2.5D', 'B品', 6200, 0.00, '通用标', '晟煜'),
	('932', '步步高', '步步高 Y19', '0.33', '2.5D', 'B品', 4450, 0.00, '通用标', '晟煜'),
	('934', '三星', '三星T399', '0.4', '2.5D', 'B品', 5910, 0.00, '通用标', '晟煜'),
	('936', '三星', '三星T399', '0.33', '2.5D', 'B品', 3680, 0.00, '通用标', '晟煜'),
	('938', 'LG', 'LG L34C', '0.4', '2.5D', 'B品', 0, 0.00, '通用标', '晟煜'),
	('940', 'LG', 'LG L34C', '0.33', '2.5D', 'B品', 0, 0.00, '通用标', '晟煜'),
	('942', '华为', '华为 Y536', '0.4', '2.5D', 'B品', 50, 0.00, '通用标', '晟煜'),
	('944', '华为', '华为 Y536', '0.33', '2.5D', 'B品', 5666, 0.00, '通用标', '晟煜'),
	('946', '诺基亚', '诺基亚640', '0.4', '2.5D', 'B品', 0, 0.00, '通用标', '晟煜'),
	('948', '诺基亚', '诺基亚640', '0.33', '2.5D', 'B品', -150, 0.00, '通用标', '晟煜'),
	('950', 'Moto', 'Moto XT907', '0.4', '2.5D', 'B品', 6750, 0.00, '通用标', '晟煜'),
	('952', 'Moto', 'Moto XT907', '0.33', '2.5D', 'B品', 4200, 0.00, '通用标', '晟煜'),
	('954', '中兴', '中兴 Z667', '0.4', '2.5D', 'B品', 1450, 0.00, '通用标', '晟煜'),
	('956', '中兴', '中兴 Z667', '0.33', '2.5D', 'B品', 4150, 0.00, '通用标', '晟煜'),
	('958', '华为', '华为 G730', '0.4', '2.5D', 'B品', 150, 0.00, '通用标', '晟煜'),
	('960', '华为', '华为 G730', '0.33', '2.5D', 'B品', 0, 0.00, '通用标', '晟煜'),
	('962', '酷派', '酷派X7', '0.4', '2.5D', 'B品', 5200, 0.00, '通用标', '晟煜'),
	('964', '酷派', '酷派X7', '0.33', '2.5D', 'B品', 4700, 0.00, '通用标', '晟煜'),
	('966', '华为', '华为M1 平板', '0.4', '2.5D', 'B品', 857, 0.00, '通用标', '晟煜'),
	('968', '华为', '华为M1 平板', '0.33', '2.5D', 'B品', 0, 0.00, '通用标', '晟煜'),
	('970', '联想', '联想P780', '0.4', '2.5D', 'B品', 1094, 0.00, '通用标', '晟煜'),
	('972', '联想', '联想P780', '0.33', '2.5D', 'B品', 4700, 0.00, '通用标', '晟煜'),
	('974', '联想', '联想 S860', '0.4', '2.5D', 'B品', 0, 0.00, '通用标', '晟煜'),
	('976', '联想', '联想 S860', '0.33', '2.5D', 'B品', 4080, 0.00, '通用标', '晟煜'),
	('978', '联想', '联想k900', '0.4', '2.5D', 'B品', 0, 0.00, '通用标', '晟煜'),
	('980', '联想', '联想k900', '0.33', '2.5D', 'B品', 6800, 0.00, '通用标', '晟煜'),
	('982', '联想', '联想  k920', '0.4', '2.5D', 'B品', 1850, 0.00, '通用标', '晟煜'),
	('984', '联想', '联想  k920', '0.33', '2.5D', 'B品', 3150, 0.00, '通用标', '晟煜'),
	('986', '诺基亚', '诺基亚 XL', '0.4', '2.5D', 'B品', 1850, 0.00, '通用标', '晟煜'),
	('988', '诺基亚', '诺基亚 XL', '0.33', '2.5D', 'B品', 5100, 0.00, '通用标', '晟煜'),
	('990', '诺基亚', '诺基亚 1020', '0.4', '2.5D', 'B品', 800, 0.00, '通用标', '晟煜'),
	('992', '诺基亚', '诺基亚 1020', '0.33', '2.5D', 'B品', 150, 0.00, '通用标', '晟煜'),
	('994', '索尼', '索尼Z2移动版', '0.4', '2.5D', 'B品', 5587, 0.00, '通用标', '晟煜'),
	('996', '索尼', '索尼Z2移动版', '0.33', '2.5D', 'B品', 4950, 0.00, '通用标', '晟煜'),
	('998', '索尼', '索尼Z2移动版 后膜', '0.4', '2.5D', 'B品', 3650, 0.00, '通用标', '晟煜');
/*!40000 ALTER TABLE `tmp_kucun_20150817` ENABLE KEYS */;


-- 导出  表 kcgl.t_bill 结构
DROP TABLE IF EXISTS `t_bill`;
CREATE TABLE IF NOT EXISTS `t_bill` (
  `id` int(11) NOT NULL AUTO_INCREMENT,
  `seq` varchar(30) NOT NULL,
  `cust_id` int(11) NOT NULL,
  `total_price` int(11) DEFAULT NULL,
  `total_amount` int(11) DEFAULT NULL,
  `total_money` int(11) DEFAULT NULL,
  `create_user_id` int(11) NOT NULL,
  `create_time` timestamp NOT NULL DEFAULT CURRENT_TIMESTAMP,
  `status` int(1) NOT NULL DEFAULT '0',
  PRIMARY KEY (`id`)
) ENGINE=InnoDB AUTO_INCREMENT=11 DEFAULT CHARSET=utf8 COMMENT='出货单号';

-- 正在导出表  kcgl.t_bill 的数据：~3 rows (大约)
DELETE FROM `t_bill`;
/*!40000 ALTER TABLE `t_bill` DISABLE KEYS */;
INSERT INTO `t_bill` (`id`, `seq`, `cust_id`, `total_price`, `total_amount`, `total_money`, `create_user_id`, `create_time`, `status`) VALUES
	(7, '20150814220651638910', 3, 5, 6, 15, 1, '2015-08-14 22:06:51', 0),
	(9, '20150816223711087250', 3, 22, 12, 264, 1, '2015-08-16 22:37:11', 0),
	(10, '20150817001309457449', 3, 22, 1, 22, 1, '2015-08-17 00:13:09', 1);
/*!40000 ALTER TABLE `t_bill` ENABLE KEYS */;


-- 导出  表 kcgl.t_brand 结构
DROP TABLE IF EXISTS `t_brand`;
CREATE TABLE IF NOT EXISTS `t_brand` (
  `id` int(11) NOT NULL AUTO_INCREMENT,
  `name` varchar(100) NOT NULL,
  PRIMARY KEY (`id`)
) ENGINE=InnoDB AUTO_INCREMENT=64 DEFAULT CHARSET=utf8 COMMENT='品牌';

-- 正在导出表  kcgl.t_brand 的数据：~33 rows (大约)
DELETE FROM `t_brand`;
/*!40000 ALTER TABLE `t_brand` DISABLE KEYS */;
INSERT INTO `t_brand` (`id`, `name`) VALUES
	(1, '苹果'),
	(2, 'HTC'),
	(3, '三星'),
	(4, '客供图'),
	(5, '诺基亚'),
	(6, '留空'),
	(7, '索尼'),
	(8, '富士通'),
	(9, 'Moto'),
	(10, '京瓷'),
	(11, 'LG'),
	(12, '步步高'),
	(13, '谷歌'),
	(14, '酷派'),
	(15, '华为'),
	(16, '阿尔卡特'),
	(17, '一加'),
	(18, '联想'),
	(19, '美图'),
	(20, '中兴'),
	(21, '华硕'),
	(22, '金立'),
	(23, 'OPPO'),
	(24, '魅族'),
	(25, '小米'),
	(26, '乐视'),
	(27, 'TCL'),
	(28, '朵唯'),
	(29, '天语'),
	(30, '锤子'),
	(31, '纽曼'),
	(32, '大可乐'),
	(33, '夏普 ');
/*!40000 ALTER TABLE `t_brand` ENABLE KEYS */;


-- 导出  表 kcgl.t_cust 结构
DROP TABLE IF EXISTS `t_cust`;
CREATE TABLE IF NOT EXISTS `t_cust` (
  `id` int(11) NOT NULL AUTO_INCREMENT,
  `name` varchar(100) NOT NULL,
  `user_id` int(11) DEFAULT NULL,
  PRIMARY KEY (`id`)
) ENGINE=InnoDB AUTO_INCREMENT=6 DEFAULT CHARSET=utf8 COMMENT='客户';

-- 正在导出表  kcgl.t_cust 的数据：~3 rows (大约)
DELETE FROM `t_cust`;
/*!40000 ALTER TABLE `t_cust` DISABLE KEYS */;
INSERT INTO `t_cust` (`id`, `name`, `user_id`) VALUES
	(3, '客户1', 1),
	(4, '客户2', 1),
	(5, '客户3', 1);
/*!40000 ALTER TABLE `t_cust` ENABLE KEYS */;


-- 导出  表 kcgl.t_func 结构
DROP TABLE IF EXISTS `t_func`;
CREATE TABLE IF NOT EXISTS `t_func` (
  `id` int(11) NOT NULL AUTO_INCREMENT,
  `name` varchar(50) NOT NULL,
  `url` varchar(200) NOT NULL,
  `type` int(11) NOT NULL,
  PRIMARY KEY (`id`)
) ENGINE=InnoDB AUTO_INCREMENT=14 DEFAULT CHARSET=utf8;

-- 正在导出表  kcgl.t_func 的数据：~13 rows (大约)
DELETE FROM `t_func`;
/*!40000 ALTER TABLE `t_func` DISABLE KEYS */;
INSERT INTO `t_func` (`id`, `name`, `url`, `type`) VALUES
	(1, '权限管理', 'rightManage.xhtml', 0),
	(2, '用户管理', 'userManage.xhtml', 0),
	(3, '产品入库', 'productInManage.xhtml', 1),
	(4, '产品出库', 'productOutManage.xhtml', 1),
	(5, '价格调整', 'PriceAdjustManage.xhtml', 1),
	(6, '总库存日报表', 'reportStock.xhtml', 2),
	(7, '型号查询次数统计表', 'reportQueryTimes.xhtml', 2),
	(8, '入库日报表', 'reportProductIn.xhtml', 2),
	(9, '出货日报表', 'reportProductOut.xhtml', 2),
	(10, '价格表', 'reportPrice.xhtml', 2),
	(11, '佣金月报表', 'reportCommision.xhtml', 2),
	(12, '库存查询', 'main.xhtml', 2),
	(13, '预出库日志', 'reportPreProductOut.xhtml', 2);
/*!40000 ALTER TABLE `t_func` ENABLE KEYS */;


-- 导出  表 kcgl.t_identify 结构
DROP TABLE IF EXISTS `t_identify`;
CREATE TABLE IF NOT EXISTS `t_identify` (
  `id` int(11) NOT NULL AUTO_INCREMENT,
  `name` varchar(200) NOT NULL DEFAULT '0',
  PRIMARY KEY (`id`)
) ENGINE=InnoDB AUTO_INCREMENT=8 DEFAULT CHARSET=utf8;

-- 正在导出表  kcgl.t_identify 的数据：~6 rows (大约)
DELETE FROM `t_identify`;
/*!40000 ALTER TABLE `t_identify` DISABLE KEYS */;
INSERT INTO `t_identify` (`id`, `name`) VALUES
	(1, '通用标'),
	(2, '摩派标'),
	(3, '蓝光膜'),
	(4, 'MP标'),
	(5, '摩派标蓝膜'),
	(6, '不贴标');
/*!40000 ALTER TABLE `t_identify` ENABLE KEYS */;


-- 导出  表 kcgl.t_in_type 结构
DROP TABLE IF EXISTS `t_in_type`;
CREATE TABLE IF NOT EXISTS `t_in_type` (
  `id` int(11) NOT NULL AUTO_INCREMENT,
  `name` varchar(200) NOT NULL,
  PRIMARY KEY (`id`)
) ENGINE=InnoDB AUTO_INCREMENT=4 DEFAULT CHARSET=utf8;

-- 正在导出表  kcgl.t_in_type 的数据：~3 rows (大约)
DELETE FROM `t_in_type`;
/*!40000 ALTER TABLE `t_in_type` DISABLE KEYS */;
INSERT INTO `t_in_type` (`id`, `name`) VALUES
	(1, '生产入库'),
	(2, '采购入库'),
	(3, '退货入库');
/*!40000 ALTER TABLE `t_in_type` ENABLE KEYS */;


-- 导出  表 kcgl.t_manufactor 结构
DROP TABLE IF EXISTS `t_manufactor`;
CREATE TABLE IF NOT EXISTS `t_manufactor` (
  `id` int(11) NOT NULL AUTO_INCREMENT,
  `name` varchar(200) DEFAULT NULL,
  PRIMARY KEY (`id`)
) ENGINE=InnoDB AUTO_INCREMENT=3 DEFAULT CHARSET=utf8;

-- 正在导出表  kcgl.t_manufactor 的数据：~2 rows (大约)
DELETE FROM `t_manufactor`;
/*!40000 ALTER TABLE `t_manufactor` DISABLE KEYS */;
INSERT INTO `t_manufactor` (`id`, `name`) VALUES
	(1, '晟煜'),
	(2, '格纳斯');
/*!40000 ALTER TABLE `t_manufactor` ENABLE KEYS */;


-- 导出  表 kcgl.t_pre_product_out 结构
DROP TABLE IF EXISTS `t_pre_product_out`;
CREATE TABLE IF NOT EXISTS `t_pre_product_out` (
  `id` int(11) NOT NULL AUTO_INCREMENT,
  `product_id` int(11) NOT NULL,
  `pre_amount` int(11) NOT NULL,
  `pre_price` double(10,2) NOT NULL COMMENT '出售价格',
  `cust_id` int(11) NOT NULL,
  `create_user_id` int(11) NOT NULL,
  `create_time` timestamp NOT NULL DEFAULT CURRENT_TIMESTAMP ON UPDATE CURRENT_TIMESTAMP,
  `status` int(1) NOT NULL DEFAULT '0' COMMENT '0-正常，1-失效',
  PRIMARY KEY (`id`)
) ENGINE=InnoDB DEFAULT CHARSET=utf8 COMMENT='出库单';

-- 正在导出表  kcgl.t_pre_product_out 的数据：~0 rows (大约)
DELETE FROM `t_pre_product_out`;
/*!40000 ALTER TABLE `t_pre_product_out` DISABLE KEYS */;
/*!40000 ALTER TABLE `t_pre_product_out` ENABLE KEYS */;


-- 导出  表 kcgl.t_price_adjust 结构
DROP TABLE IF EXISTS `t_price_adjust`;
CREATE TABLE IF NOT EXISTS `t_price_adjust` (
  `id` int(11) NOT NULL AUTO_INCREMENT,
  `product_id` int(11) NOT NULL,
  `quantity_id` int(11) NOT NULL,
  `price` double NOT NULL COMMENT '原价',
  `adjust_price` double NOT NULL COMMENT '调整价',
  `create_user_id` int(11) NOT NULL,
  `create_time` timestamp NOT NULL DEFAULT CURRENT_TIMESTAMP ON UPDATE CURRENT_TIMESTAMP,
  PRIMARY KEY (`id`)
) ENGINE=InnoDB DEFAULT CHARSET=utf8;

-- 正在导出表  kcgl.t_price_adjust 的数据：~0 rows (大约)
DELETE FROM `t_price_adjust`;
/*!40000 ALTER TABLE `t_price_adjust` DISABLE KEYS */;
/*!40000 ALTER TABLE `t_price_adjust` ENABLE KEYS */;


-- 导出  表 kcgl.t_product 结构
DROP TABLE IF EXISTS `t_product`;
CREATE TABLE IF NOT EXISTS `t_product` (
  `id` int(11) NOT NULL AUTO_INCREMENT,
  `product_no` varchar(100) NOT NULL,
  `product_name` varchar(100) NOT NULL,
  `brand_id` int(11) NOT NULL,
  `tech_id` int(11) NOT NULL,
  `thickness_id` int(11) NOT NULL,
  `identify_id` int(11) DEFAULT NULL,
  `manufactor_id` int(11) NOT NULL,
  `quantity_id` int(11) DEFAULT NULL,
  `amount` int(11) DEFAULT NULL,
  `price` decimal(10,2) DEFAULT NULL,
  `create_user_id` int(11) NOT NULL,
  `create_time` timestamp NOT NULL DEFAULT CURRENT_TIMESTAMP,
  PRIMARY KEY (`id`),
  UNIQUE KEY `product_no_key` (`product_no`),
  KEY `product_name_key` (`product_name`)
) ENGINE=InnoDB AUTO_INCREMENT=1024 DEFAULT CHARSET=utf8 COMMENT='产品';

-- 正在导出表  kcgl.t_product 的数据：~999 rows (大约)
DELETE FROM `t_product`;
/*!40000 ALTER TABLE `t_product` DISABLE KEYS */;
INSERT INTO `t_product` (`id`, `product_no`, `product_name`, `brand_id`, `tech_id`, `thickness_id`, `identify_id`, `manufactor_id`, `quantity_id`, `amount`, `price`, `create_user_id`, `create_time`) VALUES
	(1, '004', 'iphone5 ', 1, 1, 1, 1, 1, 2, 1403, 0.00, 1, '2015-08-17 01:14:27'),
	(2, '008', 'iphone4', 1, 1, 1, 1, 1, 2, 853, 0.00, 1, '2015-08-17 01:14:27'),
	(3, '1028', 'iPod touch 4', 1, 1, 1, 1, 1, 2, 0, 0.00, 1, '2015-08-17 01:14:27'),
	(4, '1032', 'iPod touch 5', 1, 1, 1, 1, 1, 2, 2827, 0.00, 1, '2015-08-17 01:14:27'),
	(5, '1744', 'iphone4后膜', 1, 1, 1, 1, 1, 2, 1653, 0.00, 1, '2015-08-17 01:14:27'),
	(6, '1748', 'iphone 5 后膜', 1, 1, 1, 1, 1, 2, 395, 0.00, 1, '2015-08-17 01:14:27'),
	(7, '1752', 'iphone 6-4.7寸 后膜', 1, 1, 1, 1, 1, 2, 1390, 0.00, 1, '2015-08-17 01:14:27'),
	(8, '1756', 'iphone 6-5.5寸 后膜', 1, 1, 1, 1, 1, 2, 3030, 0.00, 1, '2015-08-17 01:14:27'),
	(9, '232', 'ipad Mini 平板', 1, 1, 1, 1, 1, 2, 0, 0.00, 1, '2015-08-17 01:14:27'),
	(10, '340', 'iphone6(4.7寸)', 1, 1, 1, 1, 1, 2, 3849, 0.00, 1, '2015-08-17 01:14:27'),
	(11, '344', 'iphone6(5.5寸)', 1, 1, 1, 1, 1, 2, 7303, 0.00, 1, '2015-08-17 01:14:27'),
	(12, '376', 'ipad 2 平板', 1, 1, 1, 1, 1, 2, 0, 0.00, 1, '2015-08-17 01:14:27'),
	(13, '384', 'ipad5 平板', 1, 1, 1, 1, 1, 2, 0, 0.00, 1, '2015-08-17 01:14:27'),
	(14, '012', 'HTC M7 ', 2, 1, 1, 1, 1, 2, 100, 0.00, 1, '2015-08-17 01:14:27'),
	(15, '016', 'HTC m8 ', 2, 1, 1, 1, 1, 2, 0, 0.00, 1, '2015-08-17 01:14:27'),
	(16, '020', 'HTC one max', 2, 1, 1, 1, 1, 2, 100, 0.00, 1, '2015-08-17 01:14:27'),
	(17, '024', 'HTC 626', 2, 1, 1, 1, 1, 2, 933, 0.00, 1, '2015-08-17 01:14:27'),
	(18, '1084', 'HTC 601', 2, 1, 1, 1, 1, 2, 5000, 0.00, 1, '2015-08-17 01:14:27'),
	(19, '1164', 'HTC D826', 2, 1, 1, 1, 1, 2, 4238, 0.00, 1, '2015-08-17 01:14:27'),
	(20, '1272', 'HTC 7088', 2, 1, 1, 1, 1, 2, 5100, 0.00, 1, '2015-08-17 01:14:27'),
	(21, '1276', 'HTC  E9', 2, 1, 1, 1, 1, 2, 5850, 0.00, 1, '2015-08-17 01:14:27'),
	(22, '1396', 'HTC E8', 2, 1, 1, 1, 1, 2, 6000, 0.00, 1, '2015-08-17 01:14:27'),
	(23, '1436', 'HTC M9 plus', 2, 1, 1, 1, 1, 2, 9450, 0.00, 1, '2015-08-17 01:14:27'),
	(24, '1760', 'HTC 526', 2, 1, 1, 1, 1, 2, 3250, 0.00, 1, '2015-08-17 01:14:27'),
	(25, '1772', 'HTC 320', 2, 1, 1, 1, 1, 2, 8700, 0.00, 1, '2015-08-17 01:14:27'),
	(26, '272', 'HTC D616', 2, 1, 1, 1, 1, 2, 9450, 0.00, 1, '2015-08-17 01:14:27'),
	(27, '312', 'HTC D816', 2, 1, 1, 1, 1, 2, 6915, 0.00, 1, '2015-08-17 01:14:27'),
	(28, '352', 'HTC D510', 2, 1, 1, 1, 1, 2, 1400, 0.00, 1, '2015-08-17 01:14:27'),
	(29, '604', 'HTC D516', 2, 1, 1, 1, 1, 2, 3850, 0.00, 1, '2015-08-17 01:14:27'),
	(30, '828', 'HTC D610', 2, 1, 1, 1, 1, 2, 7500, 0.00, 1, '2015-08-17 01:14:27'),
	(31, '832', 'HTC D620', 2, 1, 1, 1, 1, 2, 61, 0.00, 1, '2015-08-17 01:14:27'),
	(32, '844', 'HTC M9', 2, 1, 1, 1, 1, 2, 12650, 0.00, 1, '2015-08-17 01:14:27'),
	(33, '028', '三星9082 ', 3, 1, 1, 1, 1, 2, 50, 0.00, 1, '2015-08-17 01:14:27'),
	(34, '032', '三星NOTE2 ', 3, 1, 1, 1, 1, 2, 200, 0.00, 1, '2015-08-17 01:14:27'),
	(35, '036', '三星NOTE3 ', 3, 1, 1, 1, 1, 2, 570, 0.00, 1, '2015-08-17 01:14:27'),
	(36, '040', '三星S3mini', 3, 1, 1, 1, 1, 2, 0, 0.00, 1, '2015-08-17 01:14:27'),
	(37, '048', '三星8552 ', 3, 1, 1, 1, 1, 2, 300, 0.00, 1, '2015-08-17 01:14:27'),
	(38, '052', '三星7106', 3, 1, 1, 1, 1, 2, 100, 0.00, 1, '2015-08-17 01:14:27'),
	(39, '056', '三星S3', 3, 1, 1, 1, 1, 2, 927, 0.00, 1, '2015-08-17 01:14:27'),
	(40, '060', '三星S4', 3, 1, 1, 1, 1, 2, 0, 0.00, 1, '2015-08-17 01:14:27'),
	(41, '064', '三星S5 ', 3, 1, 1, 1, 1, 2, 3101, 0.00, 1, '2015-08-17 01:14:27'),
	(42, '068', '三星9220', 3, 1, 1, 1, 1, 2, 100, 0.00, 1, '2015-08-17 01:14:27'),
	(43, '072', '三星8262 ', 3, 1, 1, 1, 1, 2, 100, 0.00, 1, '2015-08-17 01:14:27'),
	(44, '076', '三星S4mini ', 3, 1, 1, 1, 1, 2, 450, 0.00, 1, '2015-08-17 01:14:27'),
	(45, '080', '三星i9200', 3, 1, 1, 1, 1, 2, 30, 0.00, 1, '2015-08-17 01:14:27'),
	(46, '084', '三星i9100 ', 3, 1, 1, 1, 1, 2, 1364, 0.00, 1, '2015-08-17 01:14:27'),
	(47, '088', '三星i9150 ', 3, 1, 1, 1, 1, 2, 100, 0.00, 1, '2015-08-17 01:14:27'),
	(48, '096', '三星N7505', 3, 1, 1, 1, 1, 2, 200, 0.00, 1, '2015-08-17 01:14:27'),
	(49, '100004', '三星 9060', 3, 1, 1, 1, 1, 2, 250, 0.00, 1, '2015-08-17 01:14:27'),
	(50, '100006', '三星  S7582', 3, 1, 1, 1, 1, 2, 900, 0.00, 1, '2015-08-17 01:14:27'),
	(51, '100010', '三星  S7562', 3, 1, 1, 1, 1, 2, 0, 0.00, 1, '2015-08-17 01:14:27'),
	(52, '1092', '三星P3100 平板', 3, 1, 1, 1, 1, 2, 0, 0.00, 1, '2015-08-17 01:14:27'),
	(53, '1096', '三星P600 平板', 3, 1, 1, 1, 1, 2, 0, 0.00, 1, '2015-08-17 01:14:27'),
	(54, '1120', '三星S6 Edge', 3, 1, 1, 1, 1, 2, 100, 0.00, 1, '2015-08-17 01:14:27'),
	(55, '1260', '三星J5', 3, 1, 1, 1, 1, 2, 1902, 0.00, 1, '2015-08-17 01:14:27'),
	(56, '1268', '三星J7', 3, 1, 1, 1, 1, 2, 1028, 0.00, 1, '2015-08-17 01:14:27'),
	(57, '1316', '三星 i9295', 3, 1, 1, 1, 1, 2, 3050, 0.00, 1, '2015-08-17 01:14:27'),
	(58, '1320', '三星 G870', 3, 1, 1, 1, 1, 2, 5500, 0.00, 1, '2015-08-17 01:14:27'),
	(59, '1404', '三星 G3588V', 3, 1, 1, 1, 1, 2, 1850, 0.00, 1, '2015-08-17 01:14:27'),
	(60, '1412', ' 三星 G3568V', 3, 1, 1, 1, 1, 2, 2350, 0.00, 1, '2015-08-17 01:14:27'),
	(61, '1460', '三星 Note4 Edge', 3, 1, 1, 1, 1, 2, 6487, 0.00, 1, '2015-08-17 01:14:27'),
	(62, '1672', '三星W899', 3, 1, 1, 1, 1, 2, 7574, 0.00, 1, '2015-08-17 01:14:27'),
	(63, '1676', '三星 W789', 3, 1, 1, 1, 1, 2, 5077, 0.00, 1, '2015-08-17 01:14:27'),
	(64, '1816', '三星 A8', 3, 1, 1, 1, 1, 2, 8928, 0.00, 1, '2015-08-17 01:14:27'),
	(65, '1832', '三星note5', 3, 1, 1, 1, 1, 2, 13637, 0.00, 1, '2015-08-17 01:14:27'),
	(66, '188', '三星 T210 平板\n', 3, 1, 1, 1, 1, 2, 0, 0.00, 1, '2015-08-17 01:14:27'),
	(67, '200', '三星S5mini', 3, 1, 1, 1, 1, 2, 0, 0.00, 1, '2015-08-17 01:14:27'),
	(68, '208', '三星 T800 平板', 3, 1, 1, 1, 1, 2, 0, 0.00, 1, '2015-08-17 01:14:27'),
	(69, '228', '三星T110平板', 3, 1, 1, 1, 1, 2, 0, 0.00, 1, '2015-08-17 01:14:27'),
	(70, '240', '三星 T700 平板', 3, 1, 1, 1, 1, 2, 0, 0.00, 1, '2015-08-17 01:14:27'),
	(71, '248', '三星G355H', 3, 1, 1, 1, 1, 2, 600, 0.00, 1, '2015-08-17 01:14:27'),
	(72, '288', '三星 G350', 3, 1, 1, 1, 1, 2, 300, 0.00, 1, '2015-08-17 01:14:27'),
	(73, '292', '三星G3812', 3, 1, 1, 1, 1, 2, 184, 0.00, 1, '2015-08-17 01:14:27'),
	(74, '300', '三星G110', 3, 1, 1, 1, 1, 2, 500, 0.00, 1, '2015-08-17 01:14:27'),
	(75, '308', '三星G386T', 3, 1, 1, 1, 1, 2, 0, 0.00, 1, '2015-08-17 01:14:27'),
	(76, '320', '三星 G850F', 3, 1, 1, 1, 1, 2, 0, 0.00, 1, '2015-08-17 01:14:27'),
	(77, '336', '三星T320 平板 ', 3, 1, 1, 1, 1, 2, 0, 0.00, 1, '2015-08-17 01:14:27'),
	(78, '368', '三星G313 ', 3, 1, 1, 1, 1, 2, 2100, 0.00, 1, '2015-08-17 01:14:27'),
	(79, '388', '三星Note 4', 3, 1, 1, 1, 1, 2, 0, 0.00, 1, '2015-08-17 01:14:27'),
	(80, '404', '三星G530', 3, 1, 1, 1, 1, 2, 2303, 0.00, 1, '2015-08-17 01:14:27'),
	(81, '428', '三星7582', 3, 1, 1, 1, 1, 2, 0, 0.00, 1, '2015-08-17 01:14:27'),
	(82, '436', '三星 A3', 3, 1, 1, 1, 1, 2, 0, 0.00, 1, '2015-08-17 01:14:27'),
	(83, '440', '三星 A5', 3, 1, 1, 1, 1, 2, 786, 0.00, 1, '2015-08-17 01:14:27'),
	(84, '456', '三星 A7', 3, 1, 1, 1, 1, 2, 0, 0.00, 1, '2015-08-17 01:14:27'),
	(85, '460', '三星G357FZ', 3, 1, 1, 1, 1, 2, 4250, 0.00, 1, '2015-08-17 01:14:27'),
	(86, '468', '三星G750', 3, 1, 1, 1, 1, 2, 5450, 0.00, 1, '2015-08-17 01:14:27'),
	(87, '504', '三星T530平板', 3, 1, 1, 1, 1, 2, 0, 0.00, 1, '2015-08-17 01:14:27'),
	(88, '508', '三星N8000 平板', 3, 1, 1, 1, 1, 2, 0, 0.00, 1, '2015-08-17 01:14:27'),
	(89, '512', '三星P5200平板', 3, 1, 1, 1, 1, 2, 0, 0.00, 1, '2015-08-17 01:14:27'),
	(90, '516', '三星T230 平板', 3, 1, 1, 1, 1, 2, 0, 0.00, 1, '2015-08-17 01:14:27'),
	(91, '520', '三星T310平板', 3, 1, 1, 1, 1, 2, 0, 0.00, 1, '2015-08-17 01:14:27'),
	(92, '524', '三星G5108', 3, 1, 1, 1, 1, 2, 3850, 0.00, 1, '2015-08-17 01:14:27'),
	(93, '616', '三星2013', 3, 1, 1, 1, 1, 2, 5200, 0.00, 1, '2015-08-17 01:14:27'),
	(94, '620', '三星 W999', 3, 1, 1, 1, 1, 2, 6050, 0.00, 1, '2015-08-17 01:14:27'),
	(95, '624', '三星 2014', 3, 1, 1, 1, 1, 2, 1850, 0.00, 1, '2015-08-17 01:14:27'),
	(96, '784', '三星E5', 3, 1, 1, 1, 1, 2, 13695, 0.00, 1, '2015-08-17 01:14:27'),
	(97, '788', '三星E7', 3, 1, 1, 1, 1, 2, 8600, 0.00, 1, '2015-08-17 01:14:27'),
	(98, '800', '三星G360', 3, 1, 1, 1, 1, 2, 22, 0.00, 1, '2015-08-17 01:14:27'),
	(99, '808', '三星 Z130', 3, 1, 1, 1, 1, 2, 7650, 0.00, 1, '2015-08-17 01:14:27'),
	(100, '836', '三星T330平板', 3, 1, 1, 1, 1, 2, 0, 0.00, 1, '2015-08-17 01:14:27'),
	(101, '840', '三星N5100平板', 3, 1, 1, 1, 1, 2, 0, 0.00, 1, '2015-08-17 01:14:27'),
	(102, '864', '三星S6', 3, 1, 1, 1, 1, 2, 5520, 0.00, 1, '2015-08-17 01:14:27'),
	(103, '888', '三星J1', 3, 1, 1, 1, 1, 2, 3059, 0.00, 1, '2015-08-17 01:14:27'),
	(104, '892', '三星2015', 3, 1, 1, 1, 1, 2, 3050, 0.00, 1, '2015-08-17 01:14:27'),
	(105, '896', '三星G7200', 3, 1, 1, 1, 1, 2, 2701, 0.00, 1, '2015-08-17 01:14:27'),
	(106, '936', '三星T399', 3, 1, 1, 1, 1, 2, 3680, 0.00, 1, '2015-08-17 01:14:27'),
	(107, '044', '诺基亚 730', 5, 1, 1, 1, 1, 2, 136, 0.00, 1, '2015-08-17 01:14:27'),
	(108, '1080', '诺基亚 435', 5, 1, 1, 1, 1, 2, 0, 0.00, 1, '2015-08-17 01:14:27'),
	(109, '1100', '诺基亚830', 5, 1, 1, 1, 1, 2, 8245, 0.00, 1, '2015-08-17 01:14:27'),
	(110, '1116', '诺基亚920', 5, 1, 1, 1, 1, 2, 3950, 0.00, 1, '2015-08-17 01:14:27'),
	(111, '1124', '诺基亚1520', 5, 1, 1, 1, 1, 2, 2950, 0.00, 1, '2015-08-17 01:14:27'),
	(112, '1180', '诺基亚520', 5, 1, 1, 1, 1, 2, 3550, 0.00, 1, '2015-08-17 01:14:27'),
	(113, '1264', '诺基亚 640XL', 5, 1, 1, 1, 1, 2, 7550, 0.00, 1, '2015-08-17 01:14:27'),
	(114, '1576', '诺基亚 1320', 5, 1, 1, 1, 1, 2, 3800, 0.00, 1, '2015-08-17 01:14:27'),
	(115, '1596', '诺基亚  X', 5, 1, 1, 1, 1, 2, 3150, 0.00, 1, '2015-08-17 01:14:27'),
	(116, '184', '诺基亚635', 5, 1, 1, 1, 1, 2, 4640, 0.00, 1, '2015-08-17 01:14:27'),
	(117, '416', '诺基亚530', 5, 1, 1, 1, 1, 2, 0, 0.00, 1, '2015-08-17 01:14:27'),
	(118, '496', '诺基亚820', 5, 1, 1, 1, 1, 2, 3050, 0.00, 1, '2015-08-17 01:14:27'),
	(119, '672', '诺基亚 535', 5, 1, 1, 1, 1, 2, 0, 0.00, 1, '2015-08-17 01:14:27'),
	(120, '904', '诺基亚930', 5, 1, 1, 1, 1, 2, 4416, 0.00, 1, '2015-08-17 01:14:27'),
	(121, '948', '诺基亚640', 5, 1, 1, 1, 1, 2, -150, 0.00, 1, '2015-08-17 01:14:27'),
	(122, '988', '诺基亚 XL', 5, 1, 1, 1, 1, 2, 5100, 0.00, 1, '2015-08-17 01:14:27'),
	(123, '992', '诺基亚 1020', 5, 1, 1, 1, 1, 2, 150, 0.00, 1, '2015-08-17 01:14:27'),
	(124, '092', '留空', 6, 1, 1, 1, 1, 2, 0, 0.00, 1, '2015-08-17 01:14:27'),
	(125, '1016', '留空', 6, 1, 1, 1, 1, 2, 0, 0.00, 1, '2015-08-17 01:14:27'),
	(126, '1784', '留空', 6, 1, 1, 1, 1, 2, 0, 0.00, 1, '2015-08-17 01:14:27'),
	(127, '1788', '留空', 6, 1, 1, 1, 1, 2, 0, 0.00, 1, '2015-08-17 01:14:27'),
	(128, '1796', '留空', 6, 1, 1, 1, 1, 2, 0, 0.00, 1, '2015-08-17 01:14:27'),
	(129, '1824', '留空', 6, 1, 1, 1, 1, 2, 0, 0.00, 1, '2015-08-17 01:14:27'),
	(130, '316', '留空', 6, 1, 1, 1, 1, 2, 0, 0.00, 1, '2015-08-17 01:14:27'),
	(131, '700', '留空', 6, 1, 1, 1, 1, 2, 0, 0.00, 1, '2015-08-17 01:14:27'),
	(132, '708', '留空', 6, 1, 1, 1, 1, 2, 0, 0.00, 1, '2015-08-17 01:14:27'),
	(133, '100', '索尼 Z2国际版\n', 7, 1, 1, 1, 1, 2, 450, 0.00, 1, '2015-08-17 01:14:27'),
	(134, '1000', '索尼Z2移动版 后膜', 7, 1, 1, 1, 1, 2, 4050, 0.00, 1, '2015-08-17 01:14:27'),
	(135, '1036', '索尼XL39h', 7, 1, 1, 1, 1, 2, 78, 0.00, 1, '2015-08-17 01:14:27'),
	(136, '104', '索尼L36H', 7, 1, 1, 1, 1, 2, 0, 0.00, 1, '2015-08-17 01:14:27'),
	(137, '1064', '索尼 M4', 7, 1, 1, 1, 1, 2, 250, 0.00, 1, '2015-08-17 01:14:27'),
	(138, '1068', '索尼 E4G', 7, 1, 1, 1, 1, 2, -150, 0.00, 1, '2015-08-17 01:14:27'),
	(139, '108', '索尼T2', 7, 1, 1, 1, 1, 2, 690, 0.00, 1, '2015-08-17 01:14:27'),
	(140, '112', '索尼S36H', 7, 1, 1, 1, 1, 2, 0, 0.00, 1, '2015-08-17 01:14:27'),
	(141, '1136', '索尼Z4', 7, 1, 1, 1, 1, 2, 4800, 0.00, 1, '2015-08-17 01:14:27'),
	(142, '116', '索尼 L39H', 7, 1, 1, 1, 1, 2, 395, 0.00, 1, '2015-08-17 01:14:27'),
	(143, '1160', '索尼C4', 7, 1, 1, 1, 1, 2, 5400, 0.00, 1, '2015-08-17 01:14:27'),
	(144, '1388', '索尼 LT26i', 7, 1, 1, 1, 1, 2, 50, 0.00, 1, '2015-08-17 01:14:27'),
	(145, '1612', '索尼E4', 7, 1, 1, 1, 1, 2, 3548, 0.00, 1, '2015-08-17 01:14:27'),
	(146, '168', '索尼M2', 7, 1, 1, 1, 1, 2, 1000, 0.00, 1, '2015-08-17 01:14:27'),
	(147, '1740', '索尼 Z1移动版', 7, 1, 1, 1, 1, 2, 500, 0.00, 1, '2015-08-17 01:14:27'),
	(148, '1828', '索尼 Z3mini后膜', 7, 1, 1, 1, 1, 2, 150, 0.00, 1, '2015-08-17 01:14:27'),
	(149, '1840', '索尼 Z3后膜', 7, 1, 1, 1, 1, 2, 0, 0.00, 1, '2015-08-17 01:14:27'),
	(150, '220', '索尼SP', 7, 1, 1, 1, 1, 2, 0, 0.00, 1, '2015-08-17 01:14:27'),
	(151, '224', '索尼M1', 7, 1, 1, 1, 1, 2, 0, 0.00, 1, '2015-08-17 01:14:27'),
	(152, '276', '索尼 S39H', 7, 1, 1, 1, 1, 2, 0, 0.00, 1, '2015-08-17 01:14:27'),
	(153, '296', '索尼T3', 7, 1, 1, 1, 1, 2, 2500, 0.00, 1, '2015-08-17 01:14:27'),
	(154, '324', '索尼C3', 7, 1, 1, 1, 1, 2, 147, 0.00, 1, '2015-08-17 01:14:27'),
	(155, '364', '索尼Z3', 7, 1, 1, 1, 1, 2, 981, 0.00, 1, '2015-08-17 01:14:27'),
	(156, '408', '索尼Z3mini', 7, 1, 1, 1, 1, 2, 0, 0.00, 1, '2015-08-17 01:14:27'),
	(157, '412', '索尼E3', 7, 1, 1, 1, 1, 2, 300, 0.00, 1, '2015-08-17 01:14:27'),
	(158, '772', '索尼Z1mini', 7, 1, 1, 1, 1, 2, 400, 0.00, 1, '2015-08-17 01:14:27'),
	(159, '996', '索尼Z2移动版', 7, 1, 1, 1, 1, 2, 4950, 0.00, 1, '2015-08-17 01:14:27'),
	(160, '1916', 'moto g3', 9, 1, 1, 1, 1, 2, 557, 0.00, 1, '2015-08-17 01:14:27'),
	(161, '280', 'Moto g', 9, 1, 1, 1, 1, 2, 0, 0.00, 1, '2015-08-17 01:14:27'),
	(162, '304', 'moto g2', 9, 1, 1, 1, 1, 2, 842, 0.00, 1, '2015-08-17 01:14:27'),
	(163, '332', 'Moto E', 9, 1, 1, 1, 1, 2, 0, 0.00, 1, '2015-08-17 01:14:27'),
	(164, '596', 'Moto X2', 9, 1, 1, 1, 1, 2, 2600, 0.00, 1, '2015-08-17 01:14:27'),
	(165, '632', 'moto xt1254', 9, 1, 1, 1, 1, 2, 77, 0.00, 1, '2015-08-17 01:14:27'),
	(166, '860', 'MOTO X', 9, 1, 1, 1, 1, 2, 4100, 0.00, 1, '2015-08-17 01:14:27'),
	(167, '900', 'Moto E2', 9, 1, 1, 1, 1, 2, 1510, 0.00, 1, '2015-08-17 01:14:27'),
	(168, '952', 'Moto XT907', 9, 1, 1, 1, 1, 2, 4200, 0.00, 1, '2015-08-17 01:14:27'),
	(169, '1884', '京瓷6740', 10, 1, 1, 1, 1, 2, 3569, 0.00, 1, '2015-08-17 01:14:27'),
	(170, '196', '京瓷6730', 10, 1, 1, 1, 1, 2, 650, 0.00, 1, '2015-08-17 01:14:27'),
	(171, '1112', 'LG C40', 11, 1, 1, 1, 1, 2, 2778, 0.00, 1, '2015-08-17 01:14:27'),
	(172, '1304', 'LG LS770', 11, 1, 1, 1, 1, 2, 5137, 0.00, 1, '2015-08-17 01:14:27'),
	(173, '1328', 'LG AKA', 11, 1, 1, 1, 1, 2, 23, 0.00, 1, '2015-08-17 01:14:27'),
	(174, '1332', 'LG L70双卡版', 11, 1, 1, 1, 1, 2, 0, 0.00, 1, '2015-08-17 01:14:27'),
	(175, '1336', 'LG-L90 双卡版', 11, 1, 1, 1, 1, 2, 0, 0.00, 1, '2015-08-17 01:14:27'),
	(176, '1384', 'LG G4', 11, 1, 1, 1, 1, 2, 0, 0.00, 1, '2015-08-17 01:14:27'),
	(177, '1420', 'LG spirit ', 11, 1, 1, 1, 1, 2, 0, 0.00, 1, '2015-08-17 01:14:27'),
	(178, '1464', 'LG joy', 11, 1, 1, 1, 1, 2, 45, 0.00, 1, '2015-08-17 01:14:27'),
	(179, '1472', 'LG D680', 11, 1, 1, 1, 1, 2, 0, 0.00, 1, '2015-08-17 01:14:27'),
	(180, '164', 'LG G Pro 2', 11, 1, 1, 1, 1, 2, 0, 0.00, 1, '2015-08-17 01:14:27'),
	(181, '1700', 'LG Magna', 11, 1, 1, 1, 1, 2, 0, 0.00, 1, '2015-08-17 01:14:27'),
	(182, '172', 'LG G3\n', 11, 1, 1, 1, 1, 2, 3173, 0.00, 1, '2015-08-17 01:14:27'),
	(183, '176', 'LG L90单卡版', 11, 1, 1, 1, 1, 2, 0, 0.00, 1, '2015-08-17 01:14:27'),
	(184, '1768', 'LG G Flex 2', 11, 1, 1, 1, 1, 2, 0, 0.00, 1, '2015-08-17 01:14:27'),
	(185, '1780', 'LG G Flex', 11, 1, 1, 1, 1, 2, 0, 0.00, 1, '2015-08-17 01:14:27'),
	(186, '1792', 'LG L65 单卡版', 11, 1, 1, 1, 1, 2, 0, 0.00, 1, '2015-08-17 01:14:27'),
	(187, '180', 'LG L70单卡版', 11, 1, 1, 1, 1, 2, 570, 0.00, 1, '2015-08-17 01:14:27'),
	(188, '1928', 'LG LS751 ', 11, 1, 1, 1, 1, 2, 1214, 0.00, 1, '2015-08-17 01:14:27'),
	(189, '216', 'LG G2', 11, 1, 1, 1, 1, 2, 721, 0.00, 1, '2015-08-17 01:14:27'),
	(190, '252', 'LG G2 mini', 11, 1, 1, 1, 1, 2, 50, 0.00, 1, '2015-08-17 01:14:27'),
	(191, '284', ' LG D500', 11, 1, 1, 1, 1, 2, 0, 0.00, 1, '2015-08-17 01:14:27'),
	(192, '328', 'LG  L80 双卡版', 11, 1, 1, 1, 1, 2, 0, 0.00, 1, '2015-08-17 01:14:27'),
	(193, '348', 'LG vs880', 11, 1, 1, 1, 1, 2, 200, 0.00, 1, '2015-08-17 01:14:27'),
	(194, '356', 'LG G3mini', 11, 1, 1, 1, 1, 2, 3565, 0.00, 1, '2015-08-17 01:14:27'),
	(195, '396', 'LG LS660', 11, 1, 1, 1, 1, 2, 0, 0.00, 1, '2015-08-17 01:14:27'),
	(196, '584', 'LG D690', 11, 1, 1, 1, 1, 2, 0, 0.00, 1, '2015-08-17 01:14:27'),
	(197, '588', 'LG D337', 11, 1, 1, 1, 1, 2, 0, 0.00, 1, '2015-08-17 01:14:27'),
	(198, '636', 'LG D295', 11, 1, 1, 1, 1, 2, 0, 0.00, 1, '2015-08-17 01:14:27'),
	(199, '704', 'LG D315', 11, 1, 1, 1, 1, 2, 0, 0.00, 1, '2015-08-17 01:14:27'),
	(200, '940', 'LG L34C', 11, 1, 1, 1, 1, 2, 0, 0.00, 1, '2015-08-17 01:14:27'),
	(201, '1052', '步步高 X1', 12, 1, 1, 1, 1, 2, 1700, 0.00, 1, '2015-08-17 01:14:27'),
	(202, '1312', '步步高 X5Pro', 12, 1, 1, 1, 1, 2, 4021, 0.00, 1, '2015-08-17 01:14:27'),
	(203, '1860', '步步高 Y37', 12, 1, 1, 1, 1, 2, 9139, 0.00, 1, '2015-08-17 01:14:27'),
	(204, '1912', '步步高Y33', 12, 1, 1, 1, 1, 2, 11766, 0.00, 1, '2015-08-17 01:14:27'),
	(205, '204', '步步高 Xplay', 12, 1, 1, 1, 1, 2, 0, 0.00, 1, '2015-08-17 01:14:27'),
	(206, '256', '步步高 Xplay 3s', 12, 1, 1, 1, 1, 2, 250, 0.00, 1, '2015-08-17 01:14:27'),
	(207, '268', '步步高 Xshot', 12, 1, 1, 1, 1, 2, 750, 0.00, 1, '2015-08-17 01:14:27'),
	(208, '452', '步步高Y18', 12, 1, 1, 1, 1, 2, 5650, 0.00, 1, '2015-08-17 01:14:27'),
	(209, '532', '步步高 X5L', 12, 1, 1, 1, 1, 2, 1552, 0.00, 1, '2015-08-17 01:14:27'),
	(210, '536', '步步高 Y13', 12, 1, 1, 1, 1, 2, 402, 0.00, 1, '2015-08-17 01:14:27'),
	(211, '540', '步步高Y17', 12, 1, 1, 1, 1, 2, 400, 0.00, 1, '2015-08-17 01:14:27'),
	(212, '544', '步步高Y22', 12, 1, 1, 1, 1, 2, 3100, 0.00, 1, '2015-08-17 01:14:27'),
	(213, '548', '步步高Y27', 12, 1, 1, 1, 1, 2, 2116, 0.00, 1, '2015-08-17 01:14:27'),
	(214, '608', '步步高 X5max', 12, 1, 1, 1, 1, 2, 4184, 0.00, 1, '2015-08-17 01:14:27'),
	(215, '644', '步步高Y23', 12, 1, 1, 1, 1, 2, 2650, 0.00, 1, '2015-08-17 01:14:27'),
	(216, '712', '步步高 Y29', 12, 1, 1, 1, 1, 2, 3597, 0.00, 1, '2015-08-17 01:14:27'),
	(217, '880', '步步高 Y28', 12, 1, 1, 1, 1, 2, 3850, 0.00, 1, '2015-08-17 01:14:27'),
	(218, '912', '步步高 Y11', 12, 1, 1, 1, 1, 2, 3100, 0.00, 1, '2015-08-17 01:14:27'),
	(219, '924', '步步高Y20', 12, 1, 1, 1, 1, 2, 6897, 0.00, 1, '2015-08-17 01:14:27'),
	(220, '932', '步步高 Y19', 12, 1, 1, 1, 1, 2, 4450, 0.00, 1, '2015-08-17 01:14:27'),
	(221, '212', '谷歌4 ', 13, 1, 1, 1, 1, 2, 8473, 0.00, 1, '2015-08-17 01:14:27'),
	(222, '236', '谷歌5', 13, 1, 1, 1, 1, 2, 9508, 0.00, 1, '2015-08-17 01:14:27'),
	(223, '580', '谷歌6', 13, 1, 1, 1, 1, 2, 4426, 0.00, 1, '2015-08-17 01:14:27'),
	(224, '1008', '酷派5951', 14, 1, 1, 1, 1, 2, 4200, 0.00, 1, '2015-08-17 01:14:27'),
	(225, '1144', '酷派 Y75', 14, 1, 1, 1, 1, 2, 0, 0.00, 1, '2015-08-17 01:14:27'),
	(226, '1148', '酷派 T1', 14, 1, 1, 1, 1, 2, 5450, 0.00, 1, '2015-08-17 01:14:27'),
	(227, '1172', '酷派 K1', 14, 1, 1, 1, 1, 2, 3102, 0.00, 1, '2015-08-17 01:14:27'),
	(228, '1176', '酷派 8750', 14, 1, 1, 1, 1, 2, 3350, 0.00, 1, '2015-08-17 01:14:27'),
	(229, '1188', '酷派 7296', 14, 1, 1, 1, 1, 2, 5379, 0.00, 1, '2015-08-17 01:14:27'),
	(230, '1192', '酷派 8705', 14, 1, 1, 1, 1, 2, 5000, 0.00, 1, '2015-08-17 01:14:27'),
	(231, '1416', '酷派K1 mini', 14, 1, 1, 1, 1, 2, 3000, 0.00, 1, '2015-08-17 01:14:27'),
	(232, '144', '酷派F1', 14, 1, 1, 1, 1, 2, 0, 0.00, 1, '2015-08-17 01:14:27'),
	(233, '1544', '酷派 5316', 14, 1, 1, 1, 1, 2, 8250, 0.00, 1, '2015-08-17 01:14:27'),
	(234, '1552', '酷派 S6NT', 14, 1, 1, 1, 1, 2, 10296, 0.00, 1, '2015-08-17 01:14:27'),
	(235, '1564', '酷派Y90', 14, 1, 1, 1, 1, 2, 2000, 0.00, 1, '2015-08-17 01:14:27'),
	(236, '1588', '酷派 Y1', 14, 1, 1, 1, 1, 2, 3300, 0.00, 1, '2015-08-17 01:14:27'),
	(237, '1600', '酷派 7275', 14, 1, 1, 1, 1, 2, 4150, 0.00, 1, '2015-08-17 01:14:27'),
	(238, '1624', '酷派Y60-C1', 14, 1, 1, 1, 1, 2, 978, 0.00, 1, '2015-08-17 01:14:27'),
	(239, '1648', '酷派 8730', 14, 1, 1, 1, 1, 2, 6000, 0.00, 1, '2015-08-17 01:14:27'),
	(240, '1724', '酷派8085', 14, 1, 1, 1, 1, 2, 1099, 0.00, 1, '2015-08-17 01:14:27'),
	(241, '1852', '酷派 F3', 14, 1, 1, 1, 1, 2, 10640, 0.00, 1, '2015-08-17 01:14:27'),
	(242, '1872', '酷派 K1-NT', 14, 1, 1, 1, 1, 2, 5301, 0.00, 1, '2015-08-17 01:14:27'),
	(243, '1876', '酷派 K1-NT后膜', 14, 1, 1, 1, 1, 2, 0, 0.00, 1, '2015-08-17 01:14:27'),
	(244, '1896', '酷派 note3', 14, 1, 1, 1, 1, 2, 4610, 0.00, 1, '2015-08-17 01:14:27'),
	(245, '756', '酷派 8720L', 14, 1, 1, 1, 1, 2, 5375, 0.00, 1, '2015-08-17 01:14:27'),
	(246, '760', '酷派F2', 14, 1, 1, 1, 1, 2, 4830, 0.00, 1, '2015-08-17 01:14:27'),
	(247, '764', '酷派S6', 14, 1, 1, 1, 1, 2, 0, 0.00, 1, '2015-08-17 01:14:27'),
	(248, '768', '酷派Note', 14, 1, 1, 1, 1, 2, 8022, 0.00, 1, '2015-08-17 01:14:27'),
	(249, '964', '酷派X7', 14, 1, 1, 1, 1, 2, 4700, 0.00, 1, '2015-08-17 01:14:27'),
	(250, '100024', '华为Y360', 15, 1, 1, 1, 1, 2, 33, 0.00, 1, '2015-08-17 01:14:27'),
	(251, '1024', '华为荣耀6 Plus 后膜', 15, 1, 1, 1, 1, 2, 0, 0.00, 1, '2015-08-17 01:14:27'),
	(252, '1104', '华为G630', 15, 1, 1, 1, 1, 2, 0, 0.00, 1, '2015-08-17 01:14:27'),
	(253, '1108', '华为荣耀3C畅玩版', 15, 1, 1, 1, 1, 2, 4686, 0.00, 1, '2015-08-17 01:14:27'),
	(254, '1132', '华为P8', 15, 1, 1, 1, 1, 2, 2535, 0.00, 1, '2015-08-17 01:14:27'),
	(255, '1184', '华为荣耀X1 平板', 15, 1, 1, 1, 1, 2, 0, 0.00, 1, '2015-08-17 01:14:27'),
	(256, '1196', '华为 G660', 15, 1, 1, 1, 1, 2, 0, 0.00, 1, '2015-08-17 01:14:27'),
	(257, '120', '华为P6 ', 15, 1, 1, 1, 1, 2, 450, 0.00, 1, '2015-08-17 01:14:27'),
	(258, '124', '华为C8816', 15, 1, 1, 1, 1, 2, 0, 0.00, 1, '2015-08-17 01:14:27'),
	(259, '128', '华为 荣耀3C 标准版', 15, 1, 1, 1, 1, 2, 100, 0.00, 1, '2015-08-17 01:14:27'),
	(260, '1284', '华为U9508', 15, 1, 1, 1, 1, 2, 2500, 0.00, 1, '2015-08-17 01:14:27'),
	(261, '1288', '华为A199', 15, 1, 1, 1, 1, 2, 2350, 0.00, 1, '2015-08-17 01:14:27'),
	(262, '1292', '华为 P8 青春版', 15, 1, 1, 1, 1, 2, 1546, 0.00, 1, '2015-08-17 01:14:27'),
	(263, '1296', '华为 荣耀4C', 15, 1, 1, 1, 1, 2, 400, 0.00, 1, '2015-08-17 01:14:27'),
	(264, '1300', '华为 G510', 15, 1, 1, 1, 1, 2, 0, 0.00, 1, '2015-08-17 01:14:27'),
	(265, '132', '华为P7 ', 15, 1, 1, 1, 1, 2, 50, 0.00, 1, '2015-08-17 01:14:27'),
	(266, '1324', '华为 GX1', 15, 1, 1, 1, 1, 2, 4236, 0.00, 1, '2015-08-17 01:14:27'),
	(267, '1340', '华为Y635', 15, 1, 1, 1, 1, 2, 750, 0.00, 1, '2015-08-17 01:14:27'),
	(268, '1352', '华为 G628', 15, 1, 1, 1, 1, 2, 5400, 0.00, 1, '2015-08-17 01:14:27'),
	(269, '1368', '华为 C8813', 15, 1, 1, 1, 1, 2, 4150, 0.00, 1, '2015-08-17 01:14:27'),
	(270, '1376', '华为 Y625', 15, 1, 1, 1, 1, 2, 7536, 0.00, 1, '2015-08-17 01:14:27'),
	(271, '1468', '华为 P8 MAX', 15, 1, 1, 1, 1, 2, 3763, 0.00, 1, '2015-08-17 01:14:27'),
	(272, '1568', '华为 G521', 15, 1, 1, 1, 1, 2, 2150, 0.00, 1, '2015-08-17 01:14:27'),
	(273, '1680', '华为Y550', 15, 1, 1, 1, 1, 2, 1532, 0.00, 1, '2015-08-17 01:14:27'),
	(274, '1812', '华为荣耀 7\n', 15, 1, 1, 1, 1, 2, 9165, 0.00, 1, '2015-08-17 01:14:27'),
	(275, '1836', '华为荣耀4A', 15, 1, 1, 1, 1, 2, 6647, 0.00, 1, '2015-08-17 01:14:27'),
	(276, '1920', '华为D199', 15, 1, 1, 1, 1, 2, 5677, 0.00, 1, '2015-08-17 01:14:27'),
	(277, '380', '华为mate7', 15, 1, 1, 1, 1, 2, 2529, 0.00, 1, '2015-08-17 01:14:27'),
	(278, '420', '华为 Y600', 15, 1, 1, 1, 1, 2, 4900, 0.00, 1, '2015-08-17 01:14:27'),
	(279, '424', '华为  G610', 15, 1, 1, 1, 1, 2, 3550, 0.00, 1, '2015-08-17 01:14:27'),
	(280, '432', '华为 Y530', 15, 1, 1, 1, 1, 2, 6822, 0.00, 1, '2015-08-17 01:14:27'),
	(281, '612', '华为 G620/C8817L', 15, 1, 1, 1, 1, 2, 8395, 0.00, 1, '2015-08-17 01:14:27'),
	(282, '648', '华为荣耀4', 15, 1, 1, 1, 1, 2, 3450, 0.00, 1, '2015-08-17 01:14:27'),
	(283, '652', '华为荣耀3X', 15, 1, 1, 1, 1, 2, 2722, 0.00, 1, '2015-08-17 01:14:27'),
	(284, '676', '华为mate2', 15, 1, 1, 1, 1, 2, 3750, 0.00, 1, '2015-08-17 01:14:27'),
	(285, '684', '华为C199', 15, 1, 1, 1, 1, 2, 5059, 0.00, 1, '2015-08-17 01:14:27'),
	(286, '716', '华为荣耀6', 15, 1, 1, 1, 1, 2, 11275, 0.00, 1, '2015-08-17 01:14:27'),
	(287, '724', '华为 G7', 15, 1, 1, 1, 1, 2, 2846, 0.00, 1, '2015-08-17 01:14:27'),
	(288, '728', '华为荣耀6 Plus', 15, 1, 1, 1, 1, 2, 11107, 0.00, 1, '2015-08-17 01:14:27'),
	(289, '732', '华为荣耀4X', 15, 1, 1, 1, 1, 2, 2050, 0.00, 1, '2015-08-17 01:14:27'),
	(290, '816', '华为B199', 15, 1, 1, 1, 1, 2, 0, 0.00, 1, '2015-08-17 01:14:27'),
	(291, '920', '华为G6 ', 15, 1, 1, 1, 1, 2, 3108, 0.00, 1, '2015-08-17 01:14:27'),
	(292, '944', '华为 Y536', 15, 1, 1, 1, 1, 2, 5666, 0.00, 1, '2015-08-17 01:14:27'),
	(293, '960', '华为 G730', 15, 1, 1, 1, 1, 2, 0, 0.00, 1, '2015-08-17 01:14:27'),
	(294, '968', '华为M1 平板', 15, 1, 1, 1, 1, 2, 0, 0.00, 1, '2015-08-17 01:14:27'),
	(295, '1880', '阿尔卡特 7046', 16, 1, 1, 1, 1, 2, 4049, 0.00, 1, '2015-08-17 01:14:27'),
	(296, '392', '阿尔卡特7040', 16, 1, 1, 1, 1, 2, 3150, 0.00, 1, '2015-08-17 01:14:27'),
	(297, '660', '阿尔卡特 C5', 16, 1, 1, 1, 1, 2, 2550, 0.00, 1, '2015-08-17 01:14:27'),
	(298, '664', '阿尔卡特  C3', 16, 1, 1, 1, 1, 2, 2400, 0.00, 1, '2015-08-17 01:14:27'),
	(299, '792', '阿尔卡特C7', 16, 1, 1, 1, 1, 2, 3550, 0.00, 1, '2015-08-17 01:14:27'),
	(300, '796', '阿尔卡特C9', 16, 1, 1, 1, 1, 2, 4150, 0.00, 1, '2015-08-17 01:14:27'),
	(301, '1004', '一加1代', 17, 1, 1, 1, 1, 2, 2615, 0.00, 1, '2015-08-17 01:14:27'),
	(302, '1908', '一加2代', 17, 1, 1, 1, 1, 2, 1614, 0.00, 1, '2015-08-17 01:14:27'),
	(303, '1012', '联想S90', 18, 1, 1, 1, 1, 2, 3497, 0.00, 1, '2015-08-17 01:14:27'),
	(304, '1020', '联想S810', 18, 1, 1, 1, 1, 2, 3750, 0.00, 1, '2015-08-17 01:14:27'),
	(305, '1044', '联想 A3000 平板', 18, 1, 1, 1, 1, 2, 0, 0.00, 1, '2015-08-17 01:14:27'),
	(306, '1048', '联想 A3300 平板', 18, 1, 1, 1, 1, 2, 0, 0.00, 1, '2015-08-17 01:14:27'),
	(307, '1060', '联想S920', 18, 1, 1, 1, 1, 2, 4800, 0.00, 1, '2015-08-17 01:14:27'),
	(308, '1076', '联想 S930', 18, 1, 1, 1, 1, 2, 1950, 0.00, 1, '2015-08-17 01:14:27'),
	(309, '1088', '联想A3500 平板', 18, 1, 1, 1, 1, 2, 0, 0.00, 1, '2015-08-17 01:14:27'),
	(310, '1128', '联想 NOTE 8', 18, 1, 1, 1, 1, 2, 100, 0.00, 1, '2015-08-17 01:14:27'),
	(311, '1152', '联想K3 NOTE', 18, 1, 1, 1, 1, 2, 499, 0.00, 1, '2015-08-17 01:14:27'),
	(312, '1356', '联想 A828t', 18, 1, 1, 1, 1, 2, 8250, 0.00, 1, '2015-08-17 01:14:27'),
	(313, '1364', '联想 A788t ', 18, 1, 1, 1, 1, 2, 1416, 0.00, 1, '2015-08-17 01:14:27'),
	(314, '1424', '联想 A890e', 18, 1, 1, 1, 1, 2, 3400, 0.00, 1, '2015-08-17 01:14:27'),
	(315, '1428', '联想 S60', 18, 1, 1, 1, 1, 2, 6100, 0.00, 1, '2015-08-17 01:14:27'),
	(316, '1440', '联想P70', 18, 1, 1, 1, 1, 2, 1822, 0.00, 1, '2015-08-17 01:14:27'),
	(317, '1476', '联想 Vibe Shot', 18, 1, 1, 1, 1, 2, 2650, 0.00, 1, '2015-08-17 01:14:27'),
	(318, '1540', '联想 S858t', 18, 1, 1, 1, 1, 2, 3650, 0.00, 1, '2015-08-17 01:14:27'),
	(319, '1620', '联想 X2 Pro', 18, 1, 1, 1, 1, 2, 7600, 0.00, 1, '2015-08-17 01:14:27'),
	(320, '1636', '联想 A3900', 18, 1, 1, 1, 1, 2, 1846, 0.00, 1, '2015-08-17 01:14:27'),
	(321, '1656', '联想 A858t', 18, 1, 1, 1, 1, 2, 4570, 0.00, 1, '2015-08-17 01:14:27'),
	(322, '1660', '联想 A388t', 18, 1, 1, 1, 1, 2, 4750, 0.00, 1, '2015-08-17 01:14:27'),
	(323, '1664', '联想 A5860', 18, 1, 1, 1, 1, 2, 5500, 0.00, 1, '2015-08-17 01:14:27'),
	(324, '1692', ' 联想 A3800d', 18, 1, 1, 1, 1, 2, 0, 0.00, 1, '2015-08-17 01:14:27'),
	(325, '1708', '联想 K80', 18, 1, 1, 1, 1, 2, 0, 0.00, 1, '2015-08-17 01:14:27'),
	(326, '1712', '联想A6000', 18, 1, 1, 1, 1, 2, 10, 0.00, 1, '2015-08-17 01:14:27'),
	(327, '1720', '联想A360T', 18, 1, 1, 1, 1, 2, 1209, 0.00, 1, '2015-08-17 01:14:27'),
	(328, '1732', '联想A5800', 18, 1, 1, 1, 1, 2, 5323, 0.00, 1, '2015-08-17 01:14:27'),
	(329, '1736', '联想A516', 18, 1, 1, 1, 1, 2, 1529, 0.00, 1, '2015-08-17 01:14:27'),
	(330, '1764', '联想S820', 18, 1, 1, 1, 1, 2, 4148, 0.00, 1, '2015-08-17 01:14:27'),
	(331, '1820', '联想 A7000', 18, 1, 1, 1, 1, 2, 0, 0.00, 1, '2015-08-17 01:14:27'),
	(332, '1864', '联想 S668T', 18, 1, 1, 1, 1, 2, 2253, 0.00, 1, '2015-08-17 01:14:27'),
	(333, '1892', '联想 A688T', 18, 1, 1, 1, 1, 2, 7695, 0.00, 1, '2015-08-17 01:14:27'),
	(334, '476', '联想 A850+', 18, 1, 1, 1, 1, 2, 1490, 0.00, 1, '2015-08-17 01:14:27'),
	(335, '480', '联想S850', 18, 1, 1, 1, 1, 2, 1145, 0.00, 1, '2015-08-17 01:14:27'),
	(336, '484', '联想  A850', 18, 1, 1, 1, 1, 2, 8583, 0.00, 1, '2015-08-17 01:14:27'),
	(337, '488', '联想 S939', 18, 1, 1, 1, 1, 2, 2400, 0.00, 1, '2015-08-17 01:14:27'),
	(338, '500', '联想  A880', 18, 1, 1, 1, 1, 2, 6800, 0.00, 1, '2015-08-17 01:14:27'),
	(339, '528', '联想A806', 18, 1, 1, 1, 1, 2, 3176, 0.00, 1, '2015-08-17 01:14:27'),
	(340, '568', '联想A606', 18, 1, 1, 1, 1, 2, 3750, 0.00, 1, '2015-08-17 01:14:27'),
	(341, '572', '联想 X2', 18, 1, 1, 1, 1, 2, 4772, 0.00, 1, '2015-08-17 01:14:27'),
	(342, '576', '联想 A916', 18, 1, 1, 1, 1, 2, 2950, 0.00, 1, '2015-08-17 01:14:27'),
	(343, '656', '联想 K910', 18, 1, 1, 1, 1, 2, 0, 0.00, 1, '2015-08-17 01:14:27'),
	(344, '812', '联想 K3', 18, 1, 1, 1, 1, 2, 41, 0.00, 1, '2015-08-17 01:14:27'),
	(345, '820', '联想 S898', 18, 1, 1, 1, 1, 2, 2777, 0.00, 1, '2015-08-17 01:14:27'),
	(346, '972', '联想P780', 18, 1, 1, 1, 1, 2, 4700, 0.00, 1, '2015-08-17 01:14:27'),
	(347, '976', '联想 S860', 18, 1, 1, 1, 1, 2, 4080, 0.00, 1, '2015-08-17 01:14:27'),
	(348, '980', '联想k900', 18, 1, 1, 1, 1, 2, 6800, 0.00, 1, '2015-08-17 01:14:27'),
	(349, '984', '联想  k920', 18, 1, 1, 1, 1, 2, 3150, 0.00, 1, '2015-08-17 01:14:27'),
	(350, '1040', '美图M2', 19, 1, 1, 1, 1, 2, 0, 0.00, 1, '2015-08-17 01:14:27'),
	(351, '1456', '美图 M4', 19, 1, 1, 1, 1, 2, 1889, 0.00, 1, '2015-08-17 01:14:27'),
	(352, '1056', '中兴 星星1号', 20, 1, 1, 1, 1, 2, 2800, 0.00, 1, '2015-08-17 01:14:27'),
	(353, '1072', '中兴 V5', 20, 1, 1, 1, 1, 2, 2150, 0.00, 1, '2015-08-17 01:14:27'),
	(354, '1156', '中兴 Z9 mini', 20, 1, 1, 1, 1, 2, 8424, 0.00, 1, '2015-08-17 01:14:27'),
	(355, '1168', '中兴V987', 20, 1, 1, 1, 1, 2, 50, 0.00, 1, '2015-08-17 01:14:27'),
	(356, '1200', '中兴 A880', 20, 1, 1, 1, 1, 2, 2900, 0.00, 1, '2015-08-17 01:14:27'),
	(357, '1204', '中兴G717', 20, 1, 1, 1, 1, 2, 2100, 0.00, 1, '2015-08-17 01:14:27'),
	(358, '1212', '中兴 s291', 20, 1, 1, 1, 1, 2, 0, 0.00, 1, '2015-08-17 01:14:27'),
	(359, '1216', '中兴 N5', 20, 1, 1, 1, 1, 2, 2650, 0.00, 1, '2015-08-17 01:14:27'),
	(360, '1220', '中兴G719', 20, 1, 1, 1, 1, 2, 2250, 0.00, 1, '2015-08-17 01:14:27'),
	(361, '1252', '中兴 Q802T', 20, 1, 1, 1, 1, 2, 100, 0.00, 1, '2015-08-17 01:14:27'),
	(362, '1392', '中兴 Z9 Max', 20, 1, 1, 1, 1, 2, 3600, 0.00, 1, '2015-08-17 01:14:27'),
	(363, '1480', '中兴 B880', 20, 1, 1, 1, 1, 2, 0, 0.00, 1, '2015-08-17 01:14:27'),
	(364, '1580', '中兴 Q705U', 20, 1, 1, 1, 1, 2, 2300, 0.00, 1, '2015-08-17 01:14:27'),
	(365, '1652', '中兴 Q519T', 20, 1, 1, 1, 1, 2, 143, 0.00, 1, '2015-08-17 01:14:27'),
	(366, '1668', '努比亚 Z9 ', 20, 1, 1, 1, 1, 2, 4650, 0.00, 1, '2015-08-17 01:14:27'),
	(367, '1716', '中兴 S6', 20, 1, 1, 1, 1, 2, 0, 0.00, 1, '2015-08-17 01:14:27'),
	(368, '1728', '中兴Q301C', 20, 1, 1, 1, 1, 2, 0, 0.00, 1, '2015-08-17 01:14:27'),
	(369, '1776', '中兴 Q505', 20, 1, 1, 1, 1, 2, 100, 0.00, 1, '2015-08-17 01:14:27'),
	(370, '1924', '中兴 Z752C', 20, 1, 1, 1, 1, 2, 1040, 0.00, 1, '2015-08-17 01:14:27'),
	(371, '372', '中兴Z970', 20, 1, 1, 1, 1, 2, 1427, 0.00, 1, '2015-08-17 01:14:27'),
	(372, '736', '中兴 V5 max', 20, 1, 1, 1, 1, 2, 5479, 0.00, 1, '2015-08-17 01:14:27'),
	(373, '740', '中兴 Z5S mini', 20, 1, 1, 1, 1, 2, 4850, 0.00, 1, '2015-08-17 01:14:27'),
	(374, '748', '中兴 Z7max ', 20, 1, 1, 1, 1, 2, 6475, 0.00, 1, '2015-08-17 01:14:27'),
	(375, '752', '中兴 N9130', 20, 1, 1, 1, 1, 2, 450, 0.00, 1, '2015-08-17 01:14:27'),
	(376, '804', '中兴 Z787', 20, 1, 1, 1, 1, 2, 2394, 0.00, 1, '2015-08-17 01:14:27'),
	(377, '868', '中兴 Z7mini', 20, 1, 1, 1, 1, 2, 3250, 0.00, 1, '2015-08-17 01:14:27'),
	(378, '876', '中兴 Z7', 20, 1, 1, 1, 1, 2, 2900, 0.00, 1, '2015-08-17 01:14:27'),
	(379, '908', '中兴 N9520', 20, 1, 1, 1, 1, 2, 0, 0.00, 1, '2015-08-17 01:14:27'),
	(380, '956', '中兴 Z667', 20, 1, 1, 1, 1, 2, 4150, 0.00, 1, '2015-08-17 01:14:27'),
	(381, '1140', '华硕C', 21, 1, 1, 1, 1, 2, 0, 0.00, 1, '2015-08-17 01:14:27'),
	(382, '1256', '华硕2mini', 21, 1, 1, 1, 1, 2, 8811, 0.00, 1, '2015-08-17 01:14:27'),
	(383, '1444', '华硕X002', 21, 1, 1, 1, 1, 2, 2481, 0.00, 1, '2015-08-17 01:14:27'),
	(384, '640', '华硕PadFone X ', 21, 1, 1, 1, 1, 2, 4250, 0.00, 1, '2015-08-17 01:14:27'),
	(385, '696', '华硕6', 21, 1, 1, 1, 1, 2, 7740, 0.00, 1, '2015-08-17 01:14:27'),
	(386, '720', '华硕5', 21, 1, 1, 1, 1, 2, 3045, 0.00, 1, '2015-08-17 01:14:27'),
	(387, '776', '华硕4.5', 21, 1, 1, 1, 1, 2, 2927, 0.00, 1, '2015-08-17 01:14:27'),
	(388, '780', '华硕4', 21, 1, 1, 1, 1, 2, 2536, 0.00, 1, '2015-08-17 01:14:27'),
	(389, '928', '华硕2', 21, 1, 1, 1, 1, 2, 7323, 0.00, 1, '2015-08-17 01:14:27'),
	(390, '1208', '金立V183', 22, 1, 1, 1, 1, 2, 150, 0.00, 1, '2015-08-17 01:14:27'),
	(391, '1224', '金立 F301', 22, 1, 1, 1, 1, 2, 2500, 0.00, 1, '2015-08-17 01:14:27'),
	(392, '1228', '金立 S7', 22, 1, 1, 1, 1, 2, 0, 0.00, 1, '2015-08-17 01:14:27'),
	(393, '1236', '金立V188S', 22, 1, 1, 1, 1, 2, 100, 0.00, 1, '2015-08-17 01:14:27'),
	(394, '1240', '金立V185', 22, 1, 1, 1, 1, 2, 0, 0.00, 1, '2015-08-17 01:14:27'),
	(395, '1244', '金立E5', 22, 1, 1, 1, 1, 2, 31, 0.00, 1, '2015-08-17 01:14:27'),
	(396, '1248', '金立 X805', 22, 1, 1, 1, 1, 2, 3050, 0.00, 1, '2015-08-17 01:14:27'),
	(397, '1400', '金立 W900', 22, 1, 1, 1, 1, 2, 4750, 0.00, 1, '2015-08-17 01:14:27'),
	(398, '1432', '金立 E6', 22, 1, 1, 1, 1, 2, 2550, 0.00, 1, '2015-08-17 01:14:27'),
	(399, '1448', '金立 T1', 22, 1, 1, 1, 1, 2, 2300, 0.00, 1, '2015-08-17 01:14:27'),
	(400, '1452', '金立 GN715', 22, 1, 1, 1, 1, 2, 3850, 0.00, 1, '2015-08-17 01:14:27'),
	(401, '1516', '金立 GN706', 22, 1, 1, 1, 1, 2, 4400, 0.00, 1, '2015-08-17 01:14:27'),
	(402, '1572', '金立 GN151', 22, 1, 1, 1, 1, 2, 5000, 0.00, 1, '2015-08-17 01:14:27'),
	(403, '1584', '金立 V182', 22, 1, 1, 1, 1, 2, 4550, 0.00, 1, '2015-08-17 01:14:27'),
	(404, '1592', '金立 GN709L', 22, 1, 1, 1, 1, 2, 3550, 0.00, 1, '2015-08-17 01:14:27'),
	(405, '1608', '金立 X817', 22, 1, 1, 1, 1, 2, 0, 0.00, 1, '2015-08-17 01:14:27'),
	(406, '1684', '金立 M3', 22, 1, 1, 1, 1, 2, 0, 0.00, 1, '2015-08-17 01:14:27'),
	(407, '1688', '金立 M5', 22, 1, 1, 1, 1, 2, 50, 0.00, 1, '2015-08-17 01:14:27'),
	(408, '1696', '金立 IUNI U3', 22, 1, 1, 1, 1, 2, 0, 0.00, 1, '2015-08-17 01:14:27'),
	(409, '1704', '金立 IUNI U2', 22, 1, 1, 1, 1, 2, 0, 0.00, 1, '2015-08-17 01:14:27'),
	(410, '1868', '金立 E6 mini', 22, 1, 1, 1, 1, 2, 0, 0.00, 1, '2015-08-17 01:14:27'),
	(411, '1900', '金立E7 Mini', 22, 1, 1, 1, 1, 2, 0, 0.00, 1, '2015-08-17 01:14:27'),
	(412, '1904', '金立 F103', 22, 1, 1, 1, 1, 2, 0, 0.00, 1, '2015-08-17 01:14:27'),
	(413, '472', '金立E7', 22, 1, 1, 1, 1, 2, 0, 0.00, 1, '2015-08-17 01:14:27'),
	(414, '492', '金立W800', 22, 1, 1, 1, 1, 2, 100, 0.00, 1, '2015-08-17 01:14:27'),
	(415, '592', '金立E3', 22, 1, 1, 1, 1, 2, 0, 0.00, 1, '2015-08-17 01:14:27'),
	(416, '628', '金立S5.5', 22, 1, 1, 1, 1, 2, 100, 0.00, 1, '2015-08-17 01:14:27'),
	(417, '824', '金立 S5.1', 22, 1, 1, 1, 1, 2, 99, 0.00, 1, '2015-08-17 01:14:27'),
	(418, '1232', 'OPPO A31', 23, 1, 1, 1, 1, 2, 1685, 0.00, 1, '2015-08-17 01:14:27'),
	(419, '1280', 'OPPO R819T', 23, 1, 1, 1, 1, 2, 10612, 0.00, 1, '2015-08-17 01:14:27'),
	(420, '1308', 'OPPO U705', 23, 1, 1, 1, 1, 2, 3600, 0.00, 1, '2015-08-17 01:14:27'),
	(421, '1344', 'OPPO R7', 23, 1, 1, 1, 1, 2, 5798, 0.00, 1, '2015-08-17 01:14:27'),
	(422, '1372', 'OPPO R823T', 23, 1, 1, 1, 1, 2, 5150, 0.00, 1, '2015-08-17 01:14:27'),
	(423, '1380', 'OPPO R815T', 23, 1, 1, 1, 1, 2, 1600, 0.00, 1, '2015-08-17 01:14:27'),
	(424, '1604', 'OPPO R7 Plus', 23, 1, 1, 1, 1, 2, 678, 0.00, 1, '2015-08-17 01:14:27'),
	(425, '1628', 'OPPO A51', 23, 1, 1, 1, 1, 2, 3375, 0.00, 1, '2015-08-17 01:14:27'),
	(426, '1808', 'OPPO A11', 23, 1, 1, 1, 1, 2, 5154, 0.00, 1, '2015-08-17 01:14:27'),
	(427, '1856', 'OPPO R829T后膜', 23, 1, 1, 1, 1, 2, 0, 0.00, 1, '2015-08-17 01:14:27'),
	(428, '244', 'OPPO find7', 23, 1, 1, 1, 1, 2, 105, 0.00, 1, '2015-08-17 01:14:27'),
	(429, '260', 'OPPO N1', 23, 1, 1, 1, 1, 2, 500, 0.00, 1, '2015-08-17 01:14:27'),
	(430, '264', 'OPPO Find5', 23, 1, 1, 1, 1, 2, 400, 0.00, 1, '2015-08-17 01:14:27'),
	(431, '444', 'OPPO N3', 23, 1, 1, 1, 1, 2, 500, 0.00, 1, '2015-08-17 01:14:27'),
	(432, '448', 'OPPO R5', 23, 1, 1, 1, 1, 2, 842, 0.00, 1, '2015-08-17 01:14:27'),
	(433, '464', 'OPPO R1001', 23, 1, 1, 1, 1, 2, 625, 0.00, 1, '2015-08-17 01:14:27'),
	(434, '552', 'OPPO R3', 23, 1, 1, 1, 1, 2, 3397, 0.00, 1, '2015-08-17 01:14:27'),
	(435, '556', 'OPPO R827T', 23, 1, 1, 1, 1, 2, 3768, 0.00, 1, '2015-08-17 01:14:27'),
	(436, '560', 'OPPO R829', 23, 1, 1, 1, 1, 2, 5, 0.00, 1, '2015-08-17 01:14:27'),
	(437, '564', 'OPPO R831', 23, 1, 1, 1, 1, 2, 413, 0.00, 1, '2015-08-17 01:14:27'),
	(438, '680', 'OPPO R3007', 23, 1, 1, 1, 1, 2, 10795, 0.00, 1, '2015-08-17 01:14:27'),
	(439, '744', 'OPPO N1mini', 23, 1, 1, 1, 1, 2, 10607, 0.00, 1, '2015-08-17 01:14:27'),
	(440, '848', 'OPPO U3', 23, 1, 1, 1, 1, 2, 4675, 0.00, 1, '2015-08-17 01:14:27'),
	(441, '852', 'OPPO R1C前膜', 23, 1, 1, 1, 1, 2, 430, 0.00, 1, '2015-08-17 01:14:27'),
	(442, '856', 'OPPO R1C后膜', 23, 1, 1, 1, 1, 2, 100, 0.00, 1, '2015-08-17 01:14:27'),
	(443, '872', 'OPPO R2017', 23, 1, 1, 1, 1, 2, 4171, 0.00, 1, '2015-08-17 01:14:27'),
	(444, '916', 'OPPO U707', 23, 1, 1, 1, 1, 2, 1564, 0.00, 1, '2015-08-17 01:14:27'),
	(445, '136', '魅族mx2 ', 24, 1, 1, 1, 1, 2, 50, 0.00, 1, '2015-08-17 01:14:27'),
	(446, '1360', '魅族 MX5', 24, 1, 1, 1, 1, 2, 7745, 0.00, 1, '2015-08-17 01:14:27'),
	(447, '140', '魅族mx3 ', 24, 1, 1, 1, 1, 2, 100, 0.00, 1, '2015-08-17 01:14:27'),
	(448, '1616', '魅蓝note2', 24, 1, 1, 1, 1, 2, 0, 0.00, 1, '2015-08-17 01:14:27'),
	(449, '1888', '魅蓝2', 24, 1, 1, 1, 1, 2, 834, 0.00, 1, '2015-08-17 01:14:27'),
	(450, '400', '魅族 mx4', 24, 1, 1, 1, 1, 2, 600, 0.00, 1, '2015-08-17 01:14:27'),
	(451, '600', '魅族mx4 Pro', 24, 1, 1, 1, 1, 2, 4733, 0.00, 1, '2015-08-17 01:14:27'),
	(452, '668', '魅蓝note', 24, 1, 1, 1, 1, 2, 5992, 0.00, 1, '2015-08-17 01:14:27'),
	(453, '688', '魅蓝1代', 24, 1, 1, 1, 1, 2, 7150, 0.00, 1, '2015-08-17 01:14:27'),
	(454, '1348', '小米 4i', 25, 1, 1, 1, 1, 2, 0, 0.00, 1, '2015-08-17 01:14:27'),
	(455, '148', '小米2 ', 25, 1, 1, 1, 1, 2, 830, 0.00, 1, '2015-08-17 01:14:27'),
	(456, '152', '红米 ', 25, 1, 1, 1, 1, 2, 0, 0.00, 1, '2015-08-17 01:14:27'),
	(457, '156', '小米3  ', 25, 1, 1, 1, 1, 2, 1700, 0.00, 1, '2015-08-17 01:14:27'),
	(458, '160', '红米NOTE', 25, 1, 1, 1, 1, 2, 0, 0.00, 1, '2015-08-17 01:14:27'),
	(459, '1848', '红米 Note2', 25, 1, 1, 1, 1, 2, 7091, 0.00, 1, '2015-08-17 01:14:27'),
	(460, '192', '小米4', 25, 1, 1, 1, 1, 2, 0, 0.00, 1, '2015-08-17 01:14:27'),
	(461, '692', '红米2', 25, 1, 1, 1, 1, 2, 150, 0.00, 1, '2015-08-17 01:14:27'),
	(462, '884', '小米note', 25, 1, 1, 1, 1, 2, 0, 0.00, 1, '2015-08-17 01:14:27'),
	(463, '1408', '乐视 1', 26, 1, 1, 1, 1, 2, 2958, 0.00, 1, '2015-08-17 01:14:27'),
	(464, '1632', '乐视1 Pro', 26, 1, 1, 1, 1, 2, 3400, 0.00, 1, '2015-08-17 01:14:27'),
	(465, '1844', '乐视MAX', 26, 1, 1, 1, 1, 2, 8777, 0.00, 1, '2015-08-17 01:14:27'),
	(466, '1484', 'TCL S720', 27, 1, 1, 1, 1, 2, 0, 0.00, 1, '2015-08-17 01:14:27'),
	(467, '1488', 'TCL 么么哒3S', 27, 1, 1, 1, 1, 2, 0, 0.00, 1, '2015-08-17 01:14:27'),
	(468, '1492', 'TCL 么么哒3N', 27, 1, 1, 1, 1, 2, 2800, 0.00, 1, '2015-08-17 01:14:27'),
	(469, '1500', 'TCL S950t', 27, 1, 1, 1, 1, 2, 0, 0.00, 1, '2015-08-17 01:14:27'),
	(470, '1504', 'TCL P620M', 27, 1, 1, 1, 1, 2, 0, 0.00, 1, '2015-08-17 01:14:27'),
	(471, '1804', 'TCL P588L', 27, 1, 1, 1, 1, 2, 1500, 0.00, 1, '2015-08-17 01:14:27'),
	(472, '1496', '朵唯 S3', 28, 1, 1, 1, 1, 2, 0, 0.00, 1, '2015-08-17 01:14:27'),
	(473, '1508', '朵唯 S2萝莉版', 28, 1, 1, 1, 1, 2, 0, 0.00, 1, '2015-08-17 01:14:27'),
	(474, '1524', '朵唯 L1', 28, 1, 1, 1, 1, 2, 0, 0.00, 1, '2015-08-17 01:14:27'),
	(475, '1532', '朵唯 S1', 28, 1, 1, 1, 1, 2, 0, 0.00, 1, '2015-08-17 01:14:27'),
	(476, '1536', '朵唯 S2女王版', 28, 1, 1, 1, 1, 2, 0, 0.00, 1, '2015-08-17 01:14:27'),
	(477, '1548', '朵唯 S2标准版', 28, 1, 1, 1, 1, 2, 0, 0.00, 1, '2015-08-17 01:14:27'),
	(478, '1640', '朵唯 S2L', 28, 1, 1, 1, 1, 2, 0, 0.00, 1, '2015-08-17 01:14:27'),
	(479, '1644', '朵唯 T90', 28, 1, 1, 1, 1, 2, 2750, 0.00, 1, '2015-08-17 01:14:27'),
	(480, '1512', '天语 touch2', 29, 1, 1, 1, 1, 2, 0, 0.00, 1, '2015-08-17 01:14:27'),
	(481, '1520', '天语 火星1号', 29, 1, 1, 1, 1, 2, 0, 0.00, 1, '2015-08-17 01:14:27'),
	(482, '1528', '天语 Touch 3', 29, 1, 1, 1, 1, 2, 0, 0.00, 1, '2015-08-17 01:14:27'),
	(483, '1556', '锤子 T1', 30, 1, 1, 1, 1, 2, 3650, 0.00, 1, '2015-08-17 01:14:27'),
	(484, '1560', '纽曼 CM810', 31, 1, 1, 1, 1, 2, 0, 0.00, 1, '2015-08-17 01:14:27'),
	(485, '1800', '大可乐 3', 32, 1, 1, 1, 1, 2, 4000, 0.00, 1, '2015-08-17 01:14:27'),
	(486, '360', '夏普 306', 33, 1, 1, 1, 1, 2, 0, 0.00, 1, '2015-08-17 01:14:27'),
	(487, '002', 'iphone5 ', 1, 1, 2, 1, 1, 2, 790, 0.00, 1, '2015-08-17 01:14:27'),
	(488, '006', 'iphone4', 1, 1, 2, 1, 1, 2, 50, 0.00, 1, '2015-08-17 01:14:27'),
	(489, '1026', 'iPod touch 4', 1, 1, 2, 1, 1, 2, 0, 0.00, 1, '2015-08-17 01:14:27'),
	(490, '1030', 'iPod touch 5', 1, 1, 2, 1, 1, 2, 0, 0.00, 1, '2015-08-17 01:14:27'),
	(491, '1742', 'iphone4后膜', 1, 1, 2, 1, 1, 2, 5707, 0.00, 1, '2015-08-17 01:14:27'),
	(492, '1746', 'iphone 5 后膜', 1, 1, 2, 1, 1, 2, 3100, 0.00, 1, '2015-08-17 01:14:27'),
	(493, '1750', 'iphone 6-4.7寸 后膜', 1, 1, 2, 1, 1, 2, 2850, 0.00, 1, '2015-08-17 01:14:27'),
	(494, '1754', 'iphone 6-5.5寸 后膜', 1, 1, 2, 1, 1, 2, 3450, 0.00, 1, '2015-08-17 01:14:27'),
	(495, '230', 'ipad Mini 平板', 1, 1, 2, 1, 1, 2, 0, 0.00, 1, '2015-08-17 01:14:27'),
	(496, '338', 'iphone6(4.7寸)', 1, 1, 2, 1, 1, 2, 3420, 0.00, 1, '2015-08-17 01:14:27'),
	(497, '342', 'iphone6(5.5寸)', 1, 1, 2, 1, 1, 2, 2125, 0.00, 1, '2015-08-17 01:14:27'),
	(498, '010', 'HTC M7 ', 2, 1, 2, 1, 1, 2, 150, 0.00, 1, '2015-08-17 01:14:27'),
	(499, '014', 'HTC m8 ', 2, 1, 2, 1, 1, 2, 1600, 0.00, 1, '2015-08-17 01:14:27'),
	(500, '018', 'HTC one max', 2, 1, 2, 1, 1, 2, 450, 0.00, 1, '2015-08-17 01:14:27'),
	(501, '022', 'HTC 626', 2, 1, 2, 1, 1, 2, 0, 0.00, 1, '2015-08-17 01:14:27'),
	(502, '1082', 'HTC 601', 2, 1, 2, 1, 1, 2, 13700, 0.00, 1, '2015-08-17 01:14:27'),
	(503, '1162', 'HTC D826', 2, 1, 2, 1, 1, 2, 450, 0.00, 1, '2015-08-17 01:14:27'),
	(504, '1270', 'HTC 7088', 2, 1, 2, 1, 1, 2, 5900, 0.00, 1, '2015-08-17 01:14:27'),
	(505, '1274', 'HTC  E9', 2, 1, 2, 1, 1, 2, 0, 0.00, 1, '2015-08-17 01:14:27'),
	(506, '1394', 'HTC E8', 2, 1, 2, 1, 1, 2, 12950, 0.00, 1, '2015-08-17 01:14:27'),
	(507, '1434', 'HTC M9 plus', 2, 1, 2, 1, 1, 2, 4550, 0.00, 1, '2015-08-17 01:14:27'),
	(508, '1758', 'HTC 526', 2, 1, 2, 1, 1, 2, 0, 0.00, 1, '2015-08-17 01:14:27'),
	(509, '1770', 'HTC 320', 2, 1, 2, 1, 1, 2, 0, 0.00, 1, '2015-08-17 01:14:27'),
	(510, '270', 'HTC D616', 2, 1, 2, 1, 1, 2, 1974, 0.00, 1, '2015-08-17 01:14:27'),
	(511, '310', 'HTC D816', 2, 1, 2, 1, 1, 2, 76, 0.00, 1, '2015-08-17 01:14:27'),
	(512, '350', 'HTC D510', 2, 1, 2, 1, 1, 2, 200, 0.00, 1, '2015-08-17 01:14:27'),
	(513, '602', 'HTC D516', 2, 1, 2, 1, 1, 2, 4500, 0.00, 1, '2015-08-17 01:14:27'),
	(514, '826', 'HTC D610', 2, 1, 2, 1, 1, 2, 6800, 0.00, 1, '2015-08-17 01:14:27'),
	(515, '830', 'HTC D620', 2, 1, 2, 1, 1, 2, 1300, 0.00, 1, '2015-08-17 01:14:27'),
	(516, '842', 'HTC M9', 2, 1, 2, 1, 1, 2, 7700, 0.00, 1, '2015-08-17 01:14:27'),
	(517, '026', '三星9082 ', 3, 1, 2, 1, 1, 2, 1650, 0.00, 1, '2015-08-17 01:14:27'),
	(518, '030', '三星NOTE2 ', 3, 1, 2, 1, 1, 2, 0, 0.00, 1, '2015-08-17 01:14:27'),
	(519, '034', '三星NOTE3 ', 3, 1, 2, 1, 1, 2, 5750, 0.00, 1, '2015-08-17 01:14:27'),
	(520, '038', '三星S3mini', 3, 1, 2, 1, 1, 2, 550, 0.00, 1, '2015-08-17 01:14:27'),
	(521, '046', '三星8552 ', 3, 1, 2, 1, 1, 2, 148, 0.00, 1, '2015-08-17 01:14:27'),
	(522, '050', '三星7106 ', 3, 1, 2, 1, 1, 2, 627, 0.00, 1, '2015-08-17 01:14:27'),
	(523, '054', '三星S3', 3, 1, 2, 1, 1, 2, 0, 0.00, 1, '2015-08-17 01:14:27'),
	(524, '058', '三星S4', 3, 1, 2, 1, 1, 2, 0, 0.00, 1, '2015-08-17 01:14:27'),
	(525, '062', '三星S5 ', 3, 1, 2, 1, 1, 2, 2200, 0.00, 1, '2015-08-17 01:14:27'),
	(526, '066', '三星9220 ', 3, 1, 2, 1, 1, 2, 1000, 0.00, 1, '2015-08-17 01:14:27'),
	(527, '070', '三星8262 ', 3, 1, 2, 1, 1, 2, 300, 0.00, 1, '2015-08-17 01:14:27'),
	(528, '074', '三星S4mini ', 3, 1, 2, 1, 1, 2, 1350, 0.00, 1, '2015-08-17 01:14:27'),
	(529, '078', '三星i9200', 3, 1, 2, 1, 1, 2, 145, 0.00, 1, '2015-08-17 01:14:27'),
	(530, '082', '三星i9100 ', 3, 1, 2, 1, 1, 2, 500, 0.00, 1, '2015-08-17 01:14:27'),
	(531, '086', '三星i9150 ', 3, 1, 2, 1, 1, 2, 250, 0.00, 1, '2015-08-17 01:14:27'),
	(532, '094', '三星N7505', 3, 1, 2, 1, 1, 2, 0, 0.00, 1, '2015-08-17 01:14:27'),
	(533, '100003', '三星 9060', 3, 1, 2, 1, 1, 2, 300, 0.00, 1, '2015-08-17 01:14:27'),
	(534, '100005', '三星  S7562', 3, 1, 2, 1, 1, 2, 0, 0.00, 1, '2015-08-17 01:14:27'),
	(535, '100023', '三星S7262', 3, 1, 2, 1, 1, 2, 0, 0.00, 1, '2015-08-17 01:14:27'),
	(536, '1118', '三星S6 Edge', 3, 1, 2, 1, 1, 2, 0, 0.00, 1, '2015-08-17 01:14:27'),
	(537, '1258', '三星J5', 3, 1, 2, 1, 1, 2, 0, 0.00, 1, '2015-08-17 01:14:27'),
	(538, '1266', '三星J7', 3, 1, 2, 1, 1, 2, 0, 0.00, 1, '2015-08-17 01:14:27'),
	(539, '1314', '三星 i9295', 3, 1, 2, 1, 1, 2, 4450, 0.00, 1, '2015-08-17 01:14:27'),
	(540, '1318', '三星 G870', 3, 1, 2, 1, 1, 2, 3137, 0.00, 1, '2015-08-17 01:14:27'),
	(541, '1402', '三星 G3588V', 3, 1, 2, 1, 1, 2, 3400, 0.00, 1, '2015-08-17 01:14:27'),
	(542, '1410', ' 三星 G3568V', 3, 1, 2, 1, 1, 2, 2900, 0.00, 1, '2015-08-17 01:14:27'),
	(543, '1458', '三星 Note4 Edge', 3, 1, 2, 1, 1, 2, 0, 0.00, 1, '2015-08-17 01:14:27'),
	(544, '1670', '三星W899', 3, 1, 2, 1, 1, 2, 5890, 0.00, 1, '2015-08-17 01:14:27'),
	(545, '1674', '三星 W789', 3, 1, 2, 1, 1, 2, 7467, 0.00, 1, '2015-08-17 01:14:27'),
	(546, '1814', '三星 A8', 3, 1, 2, 1, 1, 2, 0, 0.00, 1, '2015-08-17 01:14:27'),
	(547, '1830', '三星note5', 3, 1, 2, 1, 1, 2, 0, 0.00, 1, '2015-08-17 01:14:27'),
	(548, '198', '三星S5mini', 3, 1, 2, 1, 1, 2, 150, 0.00, 1, '2015-08-17 01:14:27'),
	(549, '246', '三星G355H', 3, 1, 2, 1, 1, 2, 0, 0.00, 1, '2015-08-17 01:14:27'),
	(550, '286', '三星 G350', 3, 1, 2, 1, 1, 2, 0, 0.00, 1, '2015-08-17 01:14:27'),
	(551, '290', '三星G3812', 3, 1, 2, 1, 1, 2, 0, 0.00, 1, '2015-08-17 01:14:27'),
	(552, '298', '三星G110', 3, 1, 2, 1, 1, 2, 0, 0.00, 1, '2015-08-17 01:14:27'),
	(553, '306', '三星G386T', 3, 1, 2, 1, 1, 2, 500, 0.00, 1, '2015-08-17 01:14:27'),
	(554, '318', '三星 G850F', 3, 1, 2, 1, 1, 2, 1936, 0.00, 1, '2015-08-17 01:14:27'),
	(555, '366', '三星G313 ', 3, 1, 2, 1, 1, 2, 30, 0.00, 1, '2015-08-17 01:14:27'),
	(556, '386', '三星Note 4', 3, 1, 2, 1, 1, 2, 5240, 0.00, 1, '2015-08-17 01:14:27'),
	(557, '402', '三星G530', 3, 1, 2, 1, 1, 2, 0, 0.00, 1, '2015-08-17 01:14:27'),
	(558, '426', '三星7582', 3, 1, 2, 1, 1, 2, 0, 0.00, 1, '2015-08-17 01:14:27'),
	(559, '434', '三星 A3', 3, 1, 2, 1, 1, 2, 1150, 0.00, 1, '2015-08-17 01:14:27'),
	(560, '438', '三星 A5', 3, 1, 2, 1, 1, 2, 0, 0.00, 1, '2015-08-17 01:14:27'),
	(561, '454', '三星 A7', 3, 1, 2, 1, 1, 2, 0, 0.00, 1, '2015-08-17 01:14:27'),
	(562, '458', '三星G357FZ', 3, 1, 2, 1, 1, 2, 0, 0.00, 1, '2015-08-17 01:14:27'),
	(563, '466', '三星G750', 3, 1, 2, 1, 1, 2, 5542, 0.00, 1, '2015-08-17 01:14:27'),
	(564, '506', '三星N8000 平板', 3, 1, 2, 1, 1, 2, 1080, 0.00, 1, '2015-08-17 01:14:27'),
	(565, '514', '三星T230 平板', 3, 1, 2, 1, 1, 2, 350, 0.00, 1, '2015-08-17 01:14:27'),
	(566, '522', '三星G5108', 3, 1, 2, 1, 1, 2, 7050, 0.00, 1, '2015-08-17 01:14:27'),
	(567, '614', '三星2013', 3, 1, 2, 1, 1, 2, 2550, 0.00, 1, '2015-08-17 01:14:27'),
	(568, '618', '三星 W999', 3, 1, 2, 1, 1, 2, 6600, 0.00, 1, '2015-08-17 01:14:27'),
	(569, '622', '三星 2014', 3, 1, 2, 1, 1, 2, 0, 0.00, 1, '2015-08-17 01:14:27'),
	(570, '782', '三星E5', 3, 1, 2, 1, 1, 2, 8835, 0.00, 1, '2015-08-17 01:14:27'),
	(571, '786', '三星E7', 3, 1, 2, 1, 1, 2, 350, 0.00, 1, '2015-08-17 01:14:27'),
	(572, '798', '三星G360', 3, 1, 2, 1, 1, 2, 21, 0.00, 1, '2015-08-17 01:14:27'),
	(573, '806', '三星 Z130', 3, 1, 2, 1, 1, 2, 8400, 0.00, 1, '2015-08-17 01:14:27'),
	(574, '838', '三星N5100平板', 3, 1, 2, 1, 1, 2, 0, 0.00, 1, '2015-08-17 01:14:27'),
	(575, '862', '三星S6', 3, 1, 2, 1, 1, 2, 4650, 0.00, 1, '2015-08-17 01:14:27'),
	(576, '886', '三星J1', 3, 1, 2, 1, 1, 2, 82, 0.00, 1, '2015-08-17 01:14:27'),
	(577, '890', '三星2015', 3, 1, 2, 1, 1, 2, 2750, 0.00, 1, '2015-08-17 01:14:27'),
	(578, '894', '三星G7200', 3, 1, 2, 1, 1, 2, 200, 0.00, 1, '2015-08-17 01:14:27'),
	(579, '934', '三星T399', 3, 1, 2, 1, 1, 2, 5910, 0.00, 1, '2015-08-17 01:14:27'),
	(580, '042', '诺基亚 730', 5, 1, 2, 1, 1, 2, 0, 0.00, 1, '2015-08-17 01:14:27'),
	(581, '1078', '诺基亚 435', 5, 1, 2, 1, 1, 2, 0, 0.00, 1, '2015-08-17 01:14:27'),
	(582, '1098', '诺基亚830', 5, 1, 2, 1, 1, 2, 1950, 0.00, 1, '2015-08-17 01:14:27'),
	(583, '1114', '诺基亚920', 5, 1, 2, 1, 1, 2, 4300, 0.00, 1, '2015-08-17 01:14:27'),
	(584, '1122', '诺基亚1520', 5, 1, 2, 1, 1, 2, 1150, 0.00, 1, '2015-08-17 01:14:27'),
	(585, '1178', '诺基亚520', 5, 1, 2, 1, 1, 2, 1900, 0.00, 1, '2015-08-17 01:14:27'),
	(586, '1262', '诺基亚 640XL', 5, 1, 2, 1, 1, 2, 5386, 0.00, 1, '2015-08-17 01:14:27'),
	(587, '1574', '诺基亚 1320', 5, 1, 2, 1, 1, 2, 1350, 0.00, 1, '2015-08-17 01:14:27'),
	(588, '1594', '诺基亚  X', 5, 1, 2, 1, 1, 2, 1650, 0.00, 1, '2015-08-17 01:14:27'),
	(589, '182', '诺基亚635', 5, 1, 2, 1, 1, 2, 0, 0.00, 1, '2015-08-17 01:14:27'),
	(590, '414', '诺基亚530', 5, 1, 2, 1, 1, 2, 0, 0.00, 1, '2015-08-17 01:14:27'),
	(591, '494', '诺基亚820', 5, 1, 2, 1, 1, 2, 5400, 0.00, 1, '2015-08-17 01:14:27'),
	(592, '670', '诺基亚 535', 5, 1, 2, 1, 1, 2, 0, 0.00, 1, '2015-08-17 01:14:27'),
	(593, '902', '诺基亚930', 5, 1, 2, 1, 1, 2, 295, 0.00, 1, '2015-08-17 01:14:27'),
	(594, '946', '诺基亚640', 5, 1, 2, 1, 1, 2, 0, 0.00, 1, '2015-08-17 01:14:27'),
	(595, '986', '诺基亚 XL', 5, 1, 2, 1, 1, 2, 1850, 0.00, 1, '2015-08-17 01:14:27'),
	(596, '990', '诺基亚 1020', 5, 1, 2, 1, 1, 2, 800, 0.00, 1, '2015-08-17 01:14:27'),
	(597, '090', '留空', 6, 1, 2, 1, 1, 2, 0, 0.00, 1, '2015-08-17 01:14:27'),
	(598, '1014', '留空', 6, 1, 2, 1, 1, 2, 0, 0.00, 1, '2015-08-17 01:14:27'),
	(599, '1782', '留空', 6, 1, 2, 1, 1, 2, 0, 0.00, 1, '2015-08-17 01:14:27'),
	(600, '1786', '留空', 6, 1, 2, 1, 1, 2, 0, 0.00, 1, '2015-08-17 01:14:27'),
	(601, '1794', '留空', 6, 1, 2, 1, 1, 2, 0, 0.00, 1, '2015-08-17 01:14:27'),
	(602, '1822', '留空', 6, 1, 2, 1, 1, 2, 0, 0.00, 1, '2015-08-17 01:14:27'),
	(603, '314', '留空', 6, 1, 2, 1, 1, 2, 0, 0.00, 1, '2015-08-17 01:14:27'),
	(604, '698', '留空', 6, 1, 2, 1, 1, 2, 0, 0.00, 1, '2015-08-17 01:14:27'),
	(605, '706', '留空', 6, 1, 2, 1, 1, 2, 0, 0.00, 1, '2015-08-17 01:14:27'),
	(606, '098', '索尼 Z2国际版\n', 7, 1, 2, 1, 1, 2, 0, 0.00, 1, '2015-08-17 01:14:27'),
	(607, '102', '索尼L36H', 7, 1, 2, 1, 1, 2, 0, 0.00, 1, '2015-08-17 01:14:27'),
	(608, '1034', '索尼XL39h', 7, 1, 2, 1, 1, 2, 8950, 0.00, 1, '2015-08-17 01:14:27'),
	(609, '106', '索尼T2 ', 7, 1, 2, 1, 1, 2, 1150, 0.00, 1, '2015-08-17 01:14:27'),
	(610, '1062', '索尼 M4', 7, 1, 2, 1, 1, 2, 0, 0.00, 1, '2015-08-17 01:14:27'),
	(611, '1066', '索尼 E4G', 7, 1, 2, 1, 1, 2, 0, 0.00, 1, '2015-08-17 01:14:27'),
	(612, '110', '索尼S36H', 7, 1, 2, 1, 1, 2, 1150, 0.00, 1, '2015-08-17 01:14:27'),
	(613, '1134', '索尼Z4', 7, 1, 2, 1, 1, 2, 5800, 0.00, 1, '2015-08-17 01:14:27'),
	(614, '114', '索尼 L39H', 7, 1, 2, 1, 1, 2, 50, 0.00, 1, '2015-08-17 01:14:27'),
	(615, '1158', '索尼C4', 7, 1, 2, 1, 1, 2, 2450, 0.00, 1, '2015-08-17 01:14:27'),
	(616, '1386', '索尼 LT26i', 7, 1, 2, 1, 1, 2, 5400, 0.00, 1, '2015-08-17 01:14:27'),
	(617, '1610', '索尼E4', 7, 1, 2, 1, 1, 2, 6300, 0.00, 1, '2015-08-17 01:14:27'),
	(618, '166', '索尼M2', 7, 1, 2, 1, 1, 2, 50, 0.00, 1, '2015-08-17 01:14:27'),
	(619, '1738', '索尼 Z1移动版', 7, 1, 2, 1, 1, 2, 4230, 0.00, 1, '2015-08-17 01:14:27'),
	(620, '1826', '索尼 Z3mini后膜', 7, 1, 2, 1, 1, 2, 0, 0.00, 1, '2015-08-17 01:14:27'),
	(621, '1838', '索尼 Z3后膜', 7, 1, 2, 1, 1, 2, 0, 0.00, 1, '2015-08-17 01:14:27'),
	(622, '218', '索尼SP', 7, 1, 2, 1, 1, 2, 250, 0.00, 1, '2015-08-17 01:14:27'),
	(623, '222', '索尼M1', 7, 1, 2, 1, 1, 2, 100, 0.00, 1, '2015-08-17 01:14:27'),
	(624, '274', '索尼 S39H', 7, 1, 2, 1, 1, 2, 363, 0.00, 1, '2015-08-17 01:14:27'),
	(625, '294', '索尼T3', 7, 1, 2, 1, 1, 2, 350, 0.00, 1, '2015-08-17 01:14:27'),
	(626, '322', '索尼C3', 7, 1, 2, 1, 1, 2, 0, 0.00, 1, '2015-08-17 01:14:27'),
	(627, '362', '索尼Z3', 7, 1, 2, 1, 1, 2, 408, 0.00, 1, '2015-08-17 01:14:27'),
	(628, '406', '索尼Z3mini', 7, 1, 2, 1, 1, 2, 300, 0.00, 1, '2015-08-17 01:14:27'),
	(629, '410', '索尼E3', 7, 1, 2, 1, 1, 2, 189, 0.00, 1, '2015-08-17 01:14:27'),
	(630, '770', '索尼Z1mini', 7, 1, 2, 1, 1, 2, 300, 0.00, 1, '2015-08-17 01:14:27'),
	(631, '994', '索尼Z2移动版', 7, 1, 2, 1, 1, 2, 5587, 0.00, 1, '2015-08-17 01:14:27'),
	(632, '998', '索尼Z2移动版 后膜', 7, 1, 2, 1, 1, 2, 3650, 0.00, 1, '2015-08-17 01:14:27'),
	(633, '100001', '富士通F-03G', 8, 1, 2, 1, 1, 2, 620, 0.00, 1, '2015-08-17 01:14:27'),
	(634, '1914', 'moto g3', 9, 1, 2, 1, 1, 2, 0, 0.00, 1, '2015-08-17 01:14:27'),
	(635, '278', 'Moto g', 9, 1, 2, 1, 1, 2, 0, 0.00, 1, '2015-08-17 01:14:27'),
	(636, '302', 'moto g2', 9, 1, 2, 1, 1, 2, 19, 0.00, 1, '2015-08-17 01:14:27'),
	(637, '330', 'Moto E', 9, 1, 2, 1, 1, 2, 0, 0.00, 1, '2015-08-17 01:14:27'),
	(638, '594', 'Moto X2', 9, 1, 2, 1, 1, 2, 3450, 0.00, 1, '2015-08-17 01:14:27'),
	(639, '630', 'moto xt1254', 9, 1, 2, 1, 1, 2, 0, 0.00, 1, '2015-08-17 01:14:27'),
	(640, '858', 'MOTO X', 9, 1, 2, 1, 1, 2, 1350, 0.00, 1, '2015-08-17 01:14:27'),
	(641, '898', 'Moto E2', 9, 1, 2, 1, 1, 2, 4940, 0.00, 1, '2015-08-17 01:14:27'),
	(642, '950', 'Moto XT907', 9, 1, 2, 1, 1, 2, 6750, 0.00, 1, '2015-08-17 01:14:27'),
	(643, '1882', '京瓷6740', 10, 1, 2, 1, 1, 2, 0, 0.00, 1, '2015-08-17 01:14:27'),
	(644, '194', '京瓷6730', 10, 1, 2, 1, 1, 2, 600, 0.00, 1, '2015-08-17 01:14:27'),
	(645, '1110', 'LG C40', 11, 1, 2, 1, 1, 2, 0, 0.00, 1, '2015-08-17 01:14:27'),
	(646, '1302', 'LG LS770', 11, 1, 2, 1, 1, 2, 0, 0.00, 1, '2015-08-17 01:14:27'),
	(647, '1326', 'LG AKA', 11, 1, 2, 1, 1, 2, 0, 0.00, 1, '2015-08-17 01:14:27'),
	(648, '1330', 'LG L70双卡版', 11, 1, 2, 1, 1, 2, 0, 0.00, 1, '2015-08-17 01:14:27'),
	(649, '1334', 'LG-L90 双卡版', 11, 1, 2, 1, 1, 2, 0, 0.00, 1, '2015-08-17 01:14:27'),
	(650, '1382', 'LG G4', 11, 1, 2, 1, 1, 2, 0, 0.00, 1, '2015-08-17 01:14:27'),
	(651, '1418', 'LG spirit ', 11, 1, 2, 1, 1, 2, 0, 0.00, 1, '2015-08-17 01:14:27'),
	(652, '1462', 'LG joy', 11, 1, 2, 1, 1, 2, 0, 0.00, 1, '2015-08-17 01:14:27'),
	(653, '1470', 'LG D680', 11, 1, 2, 1, 1, 2, 0, 0.00, 1, '2015-08-17 01:14:27'),
	(654, '162', 'LG G Pro 2', 11, 1, 2, 1, 1, 2, 0, 0.00, 1, '2015-08-17 01:14:27'),
	(655, '1698', 'LG Magna', 11, 1, 2, 1, 1, 2, 0, 0.00, 1, '2015-08-17 01:14:27'),
	(656, '170', 'LG G3\n', 11, 1, 2, 1, 1, 2, 0, 0.00, 1, '2015-08-17 01:14:27'),
	(657, '174', 'LG L90单卡版', 11, 1, 2, 1, 1, 2, 0, 0.00, 1, '2015-08-17 01:14:27'),
	(658, '1766', 'LG G Flex 2', 11, 1, 2, 1, 1, 2, 0, 0.00, 1, '2015-08-17 01:14:27'),
	(659, '1778', 'LG G Flex', 11, 1, 2, 1, 1, 2, 0, 0.00, 1, '2015-08-17 01:14:27'),
	(660, '178', 'LG L70单卡版', 11, 1, 2, 1, 1, 2, 0, 0.00, 1, '2015-08-17 01:14:27'),
	(661, '1790', 'LG L65 单卡版', 11, 1, 2, 1, 1, 2, 0, 0.00, 1, '2015-08-17 01:14:27'),
	(662, '1926', 'LG LS751 ', 11, 1, 2, 1, 1, 2, 0, 0.00, 1, '2015-08-17 01:14:27'),
	(663, '214', 'LG G2', 11, 1, 2, 1, 1, 2, 0, 0.00, 1, '2015-08-17 01:14:27'),
	(664, '250', 'LG G2 mini', 11, 1, 2, 1, 1, 2, 0, 0.00, 1, '2015-08-17 01:14:27'),
	(665, '282', ' LG D500', 11, 1, 2, 1, 1, 2, 0, 0.00, 1, '2015-08-17 01:14:27'),
	(666, '326', 'LG  L80 双卡版', 11, 1, 2, 1, 1, 2, 100, 0.00, 1, '2015-08-17 01:14:27'),
	(667, '346', 'LG vs880', 11, 1, 2, 1, 1, 2, 250, 0.00, 1, '2015-08-17 01:14:27'),
	(668, '354', 'LG G3mini', 11, 1, 2, 1, 1, 2, 0, 0.00, 1, '2015-08-17 01:14:27'),
	(669, '394', 'LG LS660', 11, 1, 2, 1, 1, 2, 0, 0.00, 1, '2015-08-17 01:14:27'),
	(670, '582', 'LG D690', 11, 1, 2, 1, 1, 2, 0, 0.00, 1, '2015-08-17 01:14:27'),
	(671, '586', 'LG D337', 11, 1, 2, 1, 1, 2, 0, 0.00, 1, '2015-08-17 01:14:27'),
	(672, '634', 'LG D295', 11, 1, 2, 1, 1, 2, 0, 0.00, 1, '2015-08-17 01:14:27'),
	(673, '702', 'LG D315', 11, 1, 2, 1, 1, 2, 0, 0.00, 1, '2015-08-17 01:14:27'),
	(674, '938', 'LG L34C', 11, 1, 2, 1, 1, 2, 0, 0.00, 1, '2015-08-17 01:14:27'),
	(675, '1050', '步步高 X1', 12, 1, 2, 1, 1, 2, 100, 0.00, 1, '2015-08-17 01:14:27'),
	(676, '1310', '步步高 X5Pro', 12, 1, 2, 1, 1, 2, 0, 0.00, 1, '2015-08-17 01:14:27'),
	(677, '1858', '步步高 Y37', 12, 1, 2, 1, 1, 2, 0, 0.00, 1, '2015-08-17 01:14:27'),
	(678, '1910', '步步高Y33', 12, 1, 2, 1, 1, 2, 0, 0.00, 1, '2015-08-17 01:14:27'),
	(679, '202', '步步高 Xplay', 12, 1, 2, 1, 1, 2, 1400, 0.00, 1, '2015-08-17 01:14:27'),
	(680, '254', '步步高 Xplay 3s', 12, 1, 2, 1, 1, 2, 300, 0.00, 1, '2015-08-17 01:14:27'),
	(681, '266', '步步高 Xshot', 12, 1, 2, 1, 1, 2, 50, 0.00, 1, '2015-08-17 01:14:27'),
	(682, '450', '步步高Y18', 12, 1, 2, 1, 1, 2, 1400, 0.00, 1, '2015-08-17 01:14:27'),
	(683, '530', '步步高 X5L', 12, 1, 2, 1, 1, 2, 907, 0.00, 1, '2015-08-17 01:14:27'),
	(684, '534', '步步高 Y13', 12, 1, 2, 1, 1, 2, 100, 0.00, 1, '2015-08-17 01:14:27'),
	(685, '538', '步步高Y17', 12, 1, 2, 1, 1, 2, 200, 0.00, 1, '2015-08-17 01:14:27'),
	(686, '542', '步步高Y22', 12, 1, 2, 1, 1, 2, 5950, 0.00, 1, '2015-08-17 01:14:27'),
	(687, '546', '步步高Y27', 12, 1, 2, 1, 1, 2, 100, 0.00, 1, '2015-08-17 01:14:27'),
	(688, '606', '步步高 X5max', 12, 1, 2, 1, 1, 2, 90, 0.00, 1, '2015-08-17 01:14:27'),
	(689, '642', '步步高Y23', 12, 1, 2, 1, 1, 2, 22, 0.00, 1, '2015-08-17 01:14:27'),
	(690, '710', '步步高 Y29', 12, 1, 2, 1, 1, 2, 0, 0.00, 1, '2015-08-17 01:14:27'),
	(691, '878', '步步高 Y28', 12, 1, 2, 1, 1, 2, 2550, 0.00, 1, '2015-08-17 01:14:27'),
	(692, '910', '步步高 Y11', 12, 1, 2, 1, 1, 2, 11, 0.00, 1, '2015-08-17 01:14:27'),
	(693, '922', '步步高Y20', 12, 1, 2, 1, 1, 2, 6429, 0.00, 1, '2015-08-17 01:14:27'),
	(694, '930', '步步高 Y19', 12, 1, 2, 1, 1, 2, 6200, 0.00, 1, '2015-08-17 01:14:27'),
	(695, '210', '谷歌4 ', 13, 1, 2, 1, 1, 2, 5353, 0.00, 1, '2015-08-17 01:14:27'),
	(696, '234', '谷歌5', 13, 1, 2, 1, 1, 2, 1550, 0.00, 1, '2015-08-17 01:14:27'),
	(697, '578', '谷歌6', 13, 1, 2, 1, 1, 2, 7750, 0.00, 1, '2015-08-17 01:14:27'),
	(698, '1006', '酷派5951', 14, 1, 2, 1, 1, 2, 5550, 0.00, 1, '2015-08-17 01:14:27'),
	(699, '1142', '酷派 Y75', 14, 1, 2, 1, 1, 2, 8800, 0.00, 1, '2015-08-17 01:14:27'),
	(700, '1146', '酷派 T1', 14, 1, 2, 1, 1, 2, 9961, 0.00, 1, '2015-08-17 01:14:27'),
	(701, '1170', '酷派 K1', 14, 1, 2, 1, 1, 2, 2450, 0.00, 1, '2015-08-17 01:14:27'),
	(702, '1174', '酷派 8750', 14, 1, 2, 1, 1, 2, 8050, 0.00, 1, '2015-08-17 01:14:27'),
	(703, '1186', '酷派 7296', 14, 1, 2, 1, 1, 2, 5050, 0.00, 1, '2015-08-17 01:14:27'),
	(704, '1190', '酷派 8705', 14, 1, 2, 1, 1, 2, 3950, 0.00, 1, '2015-08-17 01:14:27'),
	(705, '1414', '酷派K1 mini', 14, 1, 2, 1, 1, 2, 5650, 0.00, 1, '2015-08-17 01:14:27'),
	(706, '142', '酷派F1', 14, 1, 2, 1, 1, 2, 0, 0.00, 1, '2015-08-17 01:14:27'),
	(707, '1542', '酷派 5316', 14, 1, 2, 1, 1, 2, 1000, 0.00, 1, '2015-08-17 01:14:27'),
	(708, '1550', '酷派 S6NT', 14, 1, 2, 1, 1, 2, 2900, 0.00, 1, '2015-08-17 01:14:27'),
	(709, '1562', '酷派Y90', 14, 1, 2, 1, 1, 2, 4163, 0.00, 1, '2015-08-17 01:14:27'),
	(710, '1586', '酷派 Y1', 14, 1, 2, 1, 1, 2, 5500, 0.00, 1, '2015-08-17 01:14:27'),
	(711, '1598', '酷派 7275', 14, 1, 2, 1, 1, 2, 4000, 0.00, 1, '2015-08-17 01:14:27'),
	(712, '1622', '酷派Y60-C1', 14, 1, 2, 1, 1, 2, 1550, 0.00, 1, '2015-08-17 01:14:27'),
	(713, '1646', '酷派 8730', 14, 1, 2, 1, 1, 2, 6800, 0.00, 1, '2015-08-17 01:14:27'),
	(714, '1722', '酷派8085', 14, 1, 2, 1, 1, 2, 7350, 0.00, 1, '2015-08-17 01:14:27'),
	(715, '1850', '酷派 F3', 14, 1, 2, 1, 1, 2, 0, 0.00, 1, '2015-08-17 01:14:27'),
	(716, '1870', '酷派 K1-NT', 14, 1, 2, 1, 1, 2, 0, 0.00, 1, '2015-08-17 01:14:27'),
	(717, '1874', '酷派 K1-NT后膜', 14, 1, 2, 1, 1, 2, 0, 0.00, 1, '2015-08-17 01:14:27'),
	(718, '1894', '酷派 note3', 14, 1, 2, 1, 1, 2, 0, 0.00, 1, '2015-08-17 01:14:27'),
	(719, '754', '酷派 8720L', 14, 1, 2, 1, 1, 2, 1850, 0.00, 1, '2015-08-17 01:14:27'),
	(720, '758', '酷派F2', 14, 1, 2, 1, 1, 2, 0, 0.00, 1, '2015-08-17 01:14:27'),
	(721, '762', '酷派S6', 14, 1, 2, 1, 1, 2, 1100, 0.00, 1, '2015-08-17 01:14:27'),
	(722, '766', '酷派Note', 14, 1, 2, 1, 1, 2, 2550, 0.00, 1, '2015-08-17 01:14:27'),
	(723, '962', '酷派X7', 14, 1, 2, 1, 1, 2, 5200, 0.00, 1, '2015-08-17 01:14:27'),
	(724, '1022', '华为荣耀6 Plus 后膜', 15, 1, 2, 1, 1, 2, 0, 0.00, 1, '2015-08-17 01:14:27'),
	(725, '1102', '华为G630', 15, 1, 2, 1, 1, 2, 0, 0.00, 1, '2015-08-17 01:14:27'),
	(726, '1106', '华为荣耀3C畅玩版', 15, 1, 2, 1, 1, 2, 750, 0.00, 1, '2015-08-17 01:14:27'),
	(727, '1130', '华为P8', 15, 1, 2, 1, 1, 2, 1550, 0.00, 1, '2015-08-17 01:14:27'),
	(728, '118', '华为P6', 15, 1, 2, 1, 1, 2, 150, 0.00, 1, '2015-08-17 01:14:27'),
	(729, '1182', '华为荣耀X1 平板', 15, 1, 2, 1, 1, 2, 0, 0.00, 1, '2015-08-17 01:14:27'),
	(730, '1194', '华为 G660', 15, 1, 2, 1, 1, 2, 0, 0.00, 1, '2015-08-17 01:14:27'),
	(731, '122', '华为C8816', 15, 1, 2, 1, 1, 2, 0, 0.00, 1, '2015-08-17 01:14:27'),
	(732, '126', '华为 荣耀3C 标准版', 15, 1, 2, 1, 1, 2, 0, 0.00, 1, '2015-08-17 01:14:27'),
	(733, '1282', '华为U9508', 15, 1, 2, 1, 1, 2, 3250, 0.00, 1, '2015-08-17 01:14:27'),
	(734, '1286', '华为A199', 15, 1, 2, 1, 1, 2, 4850, 0.00, 1, '2015-08-17 01:14:27'),
	(735, '1290', '华为 P8 青春版', 15, 1, 2, 1, 1, 2, 84, 0.00, 1, '2015-08-17 01:14:27'),
	(736, '1294', '华为 荣耀4C', 15, 1, 2, 1, 1, 2, 0, 0.00, 1, '2015-08-17 01:14:27'),
	(737, '1298', '华为 G510', 15, 1, 2, 1, 1, 2, 0, 0.00, 1, '2015-08-17 01:14:27'),
	(738, '130', '华为P7 ', 15, 1, 2, 1, 1, 2, 0, 0.00, 1, '2015-08-17 01:14:27'),
	(739, '1322', '华为 GX1', 15, 1, 2, 1, 1, 2, 183, 0.00, 1, '2015-08-17 01:14:27'),
	(740, '1338', '华为Y635', 15, 1, 2, 1, 1, 2, 100, 0.00, 1, '2015-08-17 01:14:27'),
	(741, '1350', '华为 G628', 15, 1, 2, 1, 1, 2, 6400, 0.00, 1, '2015-08-17 01:14:27'),
	(742, '1366', '华为 C8813', 15, 1, 2, 1, 1, 2, 4500, 0.00, 1, '2015-08-17 01:14:27'),
	(743, '1374', '华为 Y625', 15, 1, 2, 1, 1, 2, 550, 0.00, 1, '2015-08-17 01:14:27'),
	(744, '1466', '华为 P8 MAX', 15, 1, 2, 1, 1, 2, 2673, 0.00, 1, '2015-08-17 01:14:27'),
	(745, '1566', '华为 G521', 15, 1, 2, 1, 1, 2, 3700, 0.00, 1, '2015-08-17 01:14:27'),
	(746, '1678', '华为Y550', 15, 1, 2, 1, 1, 2, 1200, 0.00, 1, '2015-08-17 01:14:27'),
	(747, '1810', '华为荣耀 7\n', 15, 1, 2, 1, 1, 2, 0, 0.00, 1, '2015-08-17 01:14:27'),
	(748, '1834', '华为荣耀4A', 15, 1, 2, 1, 1, 2, 0, 0.00, 1, '2015-08-17 01:14:27'),
	(749, '1918', '华为D199', 15, 1, 2, 1, 1, 2, 0, 0.00, 1, '2015-08-17 01:14:27'),
	(750, '378', '华为mate7', 15, 1, 2, 1, 1, 2, 0, 0.00, 1, '2015-08-17 01:14:27'),
	(751, '418', '华为 Y600', 15, 1, 2, 1, 1, 2, 3975, 0.00, 1, '2015-08-17 01:14:27'),
	(752, '422', '华为  G610', 15, 1, 2, 1, 1, 2, 0, 0.00, 1, '2015-08-17 01:14:27'),
	(753, '430', '华为 Y530', 15, 1, 2, 1, 1, 2, 5020, 0.00, 1, '2015-08-17 01:14:27'),
	(754, '610', '华为 G620/C8817L', 15, 1, 2, 1, 1, 2, 347, 0.00, 1, '2015-08-17 01:14:27'),
	(755, '646', '华为荣耀4', 15, 1, 2, 1, 1, 2, 1500, 0.00, 1, '2015-08-17 01:14:27'),
	(756, '650', '华为荣耀3X', 15, 1, 2, 1, 1, 2, 5493, 0.00, 1, '2015-08-17 01:14:27'),
	(757, '674', '华为mate2', 15, 1, 2, 1, 1, 2, 49, 0.00, 1, '2015-08-17 01:14:27'),
	(758, '682', '华为C199', 15, 1, 2, 1, 1, 2, 150, 0.00, 1, '2015-08-17 01:14:27'),
	(759, '714', '华为荣耀6', 15, 1, 2, 1, 1, 2, 100, 0.00, 1, '2015-08-17 01:14:27'),
	(760, '722', '华为 G7', 15, 1, 2, 1, 1, 2, 0, 0.00, 1, '2015-08-17 01:14:27'),
	(761, '726', '华为荣耀6 Plus', 15, 1, 2, 1, 1, 2, 6250, 0.00, 1, '2015-08-17 01:14:27'),
	(762, '730', '华为荣耀4X', 15, 1, 2, 1, 1, 2, 163, 0.00, 1, '2015-08-17 01:14:27'),
	(763, '814', '华为B199', 15, 1, 2, 1, 1, 2, 147, 0.00, 1, '2015-08-17 01:14:27'),
	(764, '918', '华为G6 ', 15, 1, 2, 1, 1, 2, 0, 0.00, 1, '2015-08-17 01:14:27'),
	(765, '942', '华为 Y536', 15, 1, 2, 1, 1, 2, 50, 0.00, 1, '2015-08-17 01:14:27'),
	(766, '958', '华为 G730', 15, 1, 2, 1, 1, 2, 150, 0.00, 1, '2015-08-17 01:14:27'),
	(767, '966', '华为M1 平板', 15, 1, 2, 1, 1, 2, 857, 0.00, 1, '2015-08-17 01:14:27'),
	(768, '1878', '阿尔卡特 7046', 16, 1, 2, 1, 1, 2, 0, 0.00, 1, '2015-08-17 01:14:27'),
	(769, '390', '阿尔卡特7040', 16, 1, 2, 1, 1, 2, 5050, 0.00, 1, '2015-08-17 01:14:27'),
	(770, '658', '阿尔卡特 C5', 16, 1, 2, 1, 1, 2, 6500, 0.00, 1, '2015-08-17 01:14:27'),
	(771, '662', '阿尔卡特  C3', 16, 1, 2, 1, 1, 2, 2892, 0.00, 1, '2015-08-17 01:14:27'),
	(772, '790', '阿尔卡特C7', 16, 1, 2, 1, 1, 2, 5579, 0.00, 1, '2015-08-17 01:14:27'),
	(773, '794', '阿尔卡特C9', 16, 1, 2, 1, 1, 2, 900, 0.00, 1, '2015-08-17 01:14:27'),
	(774, '1002', '一加1代', 17, 1, 2, 1, 1, 2, 3500, 0.00, 1, '2015-08-17 01:14:27'),
	(775, '1906', '一加2代', 17, 1, 2, 1, 1, 2, 0, 0.00, 1, '2015-08-17 01:14:27'),
	(776, '1010', '联想S90', 18, 1, 2, 1, 1, 2, 850, 0.00, 1, '2015-08-17 01:14:27'),
	(777, '1018', '联想S810', 18, 1, 2, 1, 1, 2, 4950, 0.00, 1, '2015-08-17 01:14:27'),
	(778, '1042', '联想 A3000 平板', 18, 1, 2, 1, 1, 2, 3164, 0.00, 1, '2015-08-17 01:14:27'),
	(779, '1046', '联想 A3300 平板', 18, 1, 2, 1, 1, 2, 3338, 0.00, 1, '2015-08-17 01:14:27'),
	(780, '1058', '联想S920', 18, 1, 2, 1, 1, 2, 4500, 0.00, 1, '2015-08-17 01:14:27'),
	(781, '1074', '联想 S930', 18, 1, 2, 1, 1, 2, 5000, 0.00, 1, '2015-08-17 01:14:27'),
	(782, '1086', '联想A3500 平板', 18, 1, 2, 1, 1, 2, 0, 0.00, 1, '2015-08-17 01:14:27'),
	(783, '1126', '联想 NOTE 8', 18, 1, 2, 1, 1, 2, 6166, 0.00, 1, '2015-08-17 01:14:27'),
	(784, '1150', '联想K3 NOTE', 18, 1, 2, 1, 1, 2, 0, 0.00, 1, '2015-08-17 01:14:27'),
	(785, '1354', '联想 A828t', 18, 1, 2, 1, 1, 2, 4750, 0.00, 1, '2015-08-17 01:14:27'),
	(786, '1362', '联想 A788t ', 18, 1, 2, 1, 1, 2, 6745, 0.00, 1, '2015-08-17 01:14:27'),
	(787, '1422', '联想 A890e', 18, 1, 2, 1, 1, 2, 5750, 0.00, 1, '2015-08-17 01:14:27'),
	(788, '1426', '联想 S60', 18, 1, 2, 1, 1, 2, 370, 0.00, 1, '2015-08-17 01:14:27'),
	(789, '1438', '联想P70', 18, 1, 2, 1, 1, 2, 300, 0.00, 1, '2015-08-17 01:14:27'),
	(790, '1474', '联想 Vibe Shot', 18, 1, 2, 1, 1, 2, 6100, 0.00, 1, '2015-08-17 01:14:27'),
	(791, '1538', '联想 S858t', 18, 1, 2, 1, 1, 2, 5950, 0.00, 1, '2015-08-17 01:14:27'),
	(792, '1618', '联想 X2 Pro', 18, 1, 2, 1, 1, 2, 2800, 0.00, 1, '2015-08-17 01:14:27'),
	(793, '1634', '联想 A3900', 18, 1, 2, 1, 1, 2, 2768, 0.00, 1, '2015-08-17 01:14:27'),
	(794, '1654', '联想 A858t', 18, 1, 2, 1, 1, 2, 2050, 0.00, 1, '2015-08-17 01:14:27'),
	(795, '1658', '联想 A388t', 18, 1, 2, 1, 1, 2, 2500, 0.00, 1, '2015-08-17 01:14:27'),
	(796, '1662', '联想 A5860', 18, 1, 2, 1, 1, 2, 600, 0.00, 1, '2015-08-17 01:14:27'),
	(797, '1690', ' 联想 A3800d', 18, 1, 2, 1, 1, 2, 4200, 0.00, 1, '2015-08-17 01:14:27'),
	(798, '1706', '联想 K80', 18, 1, 2, 1, 1, 2, 5530, 0.00, 1, '2015-08-17 01:14:27'),
	(799, '1710', '联想A6000', 18, 1, 2, 1, 1, 2, 5500, 0.00, 1, '2015-08-17 01:14:27'),
	(800, '1718', '联想A360T', 18, 1, 2, 1, 1, 2, 4600, 0.00, 1, '2015-08-17 01:14:27'),
	(801, '1730', '联想A5800', 18, 1, 2, 1, 1, 2, 1000, 0.00, 1, '2015-08-17 01:14:27'),
	(802, '1734', '联想A516', 18, 1, 2, 1, 1, 2, 7700, 0.00, 1, '2015-08-17 01:14:27'),
	(803, '1762', '联想S820', 18, 1, 2, 1, 1, 2, 0, 0.00, 1, '2015-08-17 01:14:27'),
	(804, '1818', '联想 A7000', 18, 1, 2, 1, 1, 2, 2950, 0.00, 1, '2015-08-17 01:14:27'),
	(805, '1862', '联想 S668T', 18, 1, 2, 1, 1, 2, 0, 0.00, 1, '2015-08-17 01:14:27'),
	(806, '1890', '联想 A688T', 18, 1, 2, 1, 1, 2, 0, 0.00, 1, '2015-08-17 01:14:27'),
	(807, '474', '联想 A850+', 18, 1, 2, 1, 1, 2, 4722, 0.00, 1, '2015-08-17 01:14:27'),
	(808, '478', '联想S850', 18, 1, 2, 1, 1, 2, 1582, 0.00, 1, '2015-08-17 01:14:27'),
	(809, '482', '联想  A850', 18, 1, 2, 1, 1, 2, 0, 0.00, 1, '2015-08-17 01:14:27'),
	(810, '486', '联想 S939', 18, 1, 2, 1, 1, 2, 4350, 0.00, 1, '2015-08-17 01:14:27'),
	(811, '498', '联想  A880', 18, 1, 2, 1, 1, 2, 3850, 0.00, 1, '2015-08-17 01:14:27'),
	(812, '526', '联想A806', 18, 1, 2, 1, 1, 2, 3954, 0.00, 1, '2015-08-17 01:14:27'),
	(813, '566', '联想A606', 18, 1, 2, 1, 1, 2, 11700, 0.00, 1, '2015-08-17 01:14:27'),
	(814, '570', '联想 X2', 18, 1, 2, 1, 1, 2, 1250, 0.00, 1, '2015-08-17 01:14:27'),
	(815, '574', '联想 A916', 18, 1, 2, 1, 1, 2, 6100, 0.00, 1, '2015-08-17 01:14:27'),
	(816, '654', '联想 K910', 18, 1, 2, 1, 1, 2, 0, 0.00, 1, '2015-08-17 01:14:27'),
	(817, '810', '联想 K3', 18, 1, 2, 1, 1, 2, 58, 0.00, 1, '2015-08-17 01:14:27'),
	(818, '818', '联想 S898', 18, 1, 2, 1, 1, 2, 8350, 0.00, 1, '2015-08-17 01:14:27'),
	(819, '970', '联想P780', 18, 1, 2, 1, 1, 2, 1094, 0.00, 1, '2015-08-17 01:14:27'),
	(820, '974', '联想 S860', 18, 1, 2, 1, 1, 2, 0, 0.00, 1, '2015-08-17 01:14:27'),
	(821, '978', '联想k900', 18, 1, 2, 1, 1, 2, 0, 0.00, 1, '2015-08-17 01:14:27'),
	(822, '982', '联想  k920', 18, 1, 2, 1, 1, 2, 1850, 0.00, 1, '2015-08-17 01:14:27'),
	(823, '1038', '美图M2', 19, 1, 2, 1, 1, 2, 3170, 0.00, 1, '2015-08-17 01:14:27'),
	(824, '1454', '美图 M4', 19, 1, 2, 1, 1, 2, 756, 0.00, 1, '2015-08-17 01:14:27'),
	(825, '1054', '中兴 星星1号', 20, 1, 2, 1, 1, 2, 8750, 0.00, 1, '2015-08-17 01:14:27'),
	(826, '1070', '中兴 V5', 20, 1, 2, 1, 1, 2, 1388, 0.00, 1, '2015-08-17 01:14:27'),
	(827, '1154', '中兴 Z9 mini', 20, 1, 2, 1, 1, 2, 1400, 0.00, 1, '2015-08-17 01:14:27'),
	(828, '1166', '中兴V987', 20, 1, 2, 1, 1, 2, 5315, 0.00, 1, '2015-08-17 01:14:27'),
	(829, '1198', '中兴 A880', 20, 1, 2, 1, 1, 2, 7650, 0.00, 1, '2015-08-17 01:14:27'),
	(830, '1202', '中兴G717', 20, 1, 2, 1, 1, 2, 6100, 0.00, 1, '2015-08-17 01:14:27'),
	(831, '1210', '中兴 s291', 20, 1, 2, 1, 1, 2, 2250, 0.00, 1, '2015-08-17 01:14:27'),
	(832, '1214', '中兴 N5', 20, 1, 2, 1, 1, 2, 4450, 0.00, 1, '2015-08-17 01:14:27'),
	(833, '1218', '中兴G719', 20, 1, 2, 1, 1, 2, 5600, 0.00, 1, '2015-08-17 01:14:27'),
	(834, '1250', '中兴 Q802T', 20, 1, 2, 1, 1, 2, 953, 0.00, 1, '2015-08-17 01:14:27'),
	(835, '1390', '中兴 Z9 Max', 20, 1, 2, 1, 1, 2, 4150, 0.00, 1, '2015-08-17 01:14:27'),
	(836, '1478', '中兴 B880', 20, 1, 2, 1, 1, 2, 1300, 0.00, 1, '2015-08-17 01:14:27'),
	(837, '1578', '中兴 Q705U', 20, 1, 2, 1, 1, 2, 8900, 0.00, 1, '2015-08-17 01:14:27'),
	(838, '1650', '中兴 Q519T', 20, 1, 2, 1, 1, 2, 3000, 0.00, 1, '2015-08-17 01:14:27'),
	(839, '1666', '努比亚 Z9 ', 20, 1, 2, 1, 1, 2, 6900, 0.00, 1, '2015-08-17 01:14:27'),
	(840, '1714', '中兴 S6', 20, 1, 2, 1, 1, 2, 4600, 0.00, 1, '2015-08-17 01:14:27'),
	(841, '1726', '中兴Q301C', 20, 1, 2, 1, 1, 2, 1650, 0.00, 1, '2015-08-17 01:14:27'),
	(842, '1774', '中兴 Q505', 20, 1, 2, 1, 1, 2, 500, 0.00, 1, '2015-08-17 01:14:27'),
	(843, '1922', '中兴 Z752C', 20, 1, 2, 1, 1, 2, 0, 0.00, 1, '2015-08-17 01:14:27'),
	(844, '370', '中兴Z970', 20, 1, 2, 1, 1, 2, 3787, 0.00, 1, '2015-08-17 01:14:27'),
	(845, '734', '中兴 V5 max', 20, 1, 2, 1, 1, 2, 5250, 0.00, 1, '2015-08-17 01:14:27'),
	(846, '738', '中兴 Z5S mini', 20, 1, 2, 1, 1, 2, 9000, 0.00, 1, '2015-08-17 01:14:27'),
	(847, '746', '中兴 Z7max ', 20, 1, 2, 1, 1, 2, 4750, 0.00, 1, '2015-08-17 01:14:27'),
	(848, '750', '中兴 N9130', 20, 1, 2, 1, 1, 2, 5050, 0.00, 1, '2015-08-17 01:14:27'),
	(849, '802', '中兴 Z787', 20, 1, 2, 1, 1, 2, 5048, 0.00, 1, '2015-08-17 01:14:27'),
	(850, '866', '中兴 Z7mini', 20, 1, 2, 1, 1, 2, 5950, 0.00, 1, '2015-08-17 01:14:27'),
	(851, '874', '中兴 Z7', 20, 1, 2, 1, 1, 2, 4300, 0.00, 1, '2015-08-17 01:14:27'),
	(852, '906', '中兴 N9520', 20, 1, 2, 1, 1, 2, 0, 0.00, 1, '2015-08-17 01:14:27'),
	(853, '954', '中兴 Z667', 20, 1, 2, 1, 1, 2, 1450, 0.00, 1, '2015-08-17 01:14:27'),
	(854, '1138', '华硕C', 21, 1, 2, 1, 1, 2, 0, 0.00, 1, '2015-08-17 01:14:27'),
	(855, '1254', '华硕2mini', 21, 1, 2, 1, 1, 2, 6112, 0.00, 1, '2015-08-17 01:14:27'),
	(856, '1442', '华硕X002', 21, 1, 2, 1, 1, 2, 2934, 0.00, 1, '2015-08-17 01:14:27'),
	(857, '638', '华硕PadFone X ', 21, 1, 2, 1, 1, 2, 2412, 0.00, 1, '2015-08-17 01:14:27'),
	(858, '694', '华硕6', 21, 1, 2, 1, 1, 2, 11123, 0.00, 1, '2015-08-17 01:14:27'),
	(859, '718', '华硕5', 21, 1, 2, 1, 1, 2, 0, 0.00, 1, '2015-08-17 01:14:27'),
	(860, '774', '华硕4.5', 21, 1, 2, 1, 1, 2, 7270, 0.00, 1, '2015-08-17 01:14:27'),
	(861, '778', '华硕4', 21, 1, 2, 1, 1, 2, 4324, 0.00, 1, '2015-08-17 01:14:27'),
	(862, '926', '华硕2', 21, 1, 2, 1, 1, 2, 0, 0.00, 1, '2015-08-17 01:14:27'),
	(863, '1206', '金立V183', 22, 1, 2, 1, 1, 2, 0, 0.00, 1, '2015-08-17 01:14:27'),
	(864, '1222', '金立 F301', 22, 1, 2, 1, 1, 2, 150, 0.00, 1, '2015-08-17 01:14:27'),
	(865, '1226', '金立 S7', 22, 1, 2, 1, 1, 2, 150, 0.00, 1, '2015-08-17 01:14:27'),
	(866, '1234', '金立V188S', 22, 1, 2, 1, 1, 2, 50, 0.00, 1, '2015-08-17 01:14:27'),
	(867, '1238', '金立V185', 22, 1, 2, 1, 1, 2, 0, 0.00, 1, '2015-08-17 01:14:27'),
	(868, '1242', '金立E5', 22, 1, 2, 1, 1, 2, 4400, 0.00, 1, '2015-08-17 01:14:27'),
	(869, '1246', '金立 X805', 22, 1, 2, 1, 1, 2, 3600, 0.00, 1, '2015-08-17 01:14:27'),
	(870, '1398', '金立 W900', 22, 1, 2, 1, 1, 2, 0, 0.00, 1, '2015-08-17 01:14:27'),
	(871, '1430', '金立 E6', 22, 1, 2, 1, 1, 2, 4300, 0.00, 1, '2015-08-17 01:14:27'),
	(872, '1446', '金立 T1', 22, 1, 2, 1, 1, 2, 3000, 0.00, 1, '2015-08-17 01:14:27'),
	(873, '1450', '金立 GN715', 22, 1, 2, 1, 1, 2, 2500, 0.00, 1, '2015-08-17 01:14:27'),
	(874, '1514', '金立 GN706', 22, 1, 2, 1, 1, 2, 2350, 0.00, 1, '2015-08-17 01:14:27'),
	(875, '1570', '金立 GN151', 22, 1, 2, 1, 1, 2, 1850, 0.00, 1, '2015-08-17 01:14:27'),
	(876, '1582', '金立 V182', 22, 1, 2, 1, 1, 2, 2150, 0.00, 1, '2015-08-17 01:14:27'),
	(877, '1590', '金立 GN709L', 22, 1, 2, 1, 1, 2, 4050, 0.00, 1, '2015-08-17 01:14:27'),
	(878, '1606', '金立 X817', 22, 1, 2, 1, 1, 2, 5300, 0.00, 1, '2015-08-17 01:14:27'),
	(879, '1682', '金立 M3', 22, 1, 2, 1, 1, 2, 100, 0.00, 1, '2015-08-17 01:14:27'),
	(880, '1686', '金立 M5', 22, 1, 2, 1, 1, 2, 2900, 0.00, 1, '2015-08-17 01:14:27'),
	(881, '1694', '金立 IUNI U3', 22, 1, 2, 1, 1, 2, 4000, 0.00, 1, '2015-08-17 01:14:27'),
	(882, '1702', '金立 IUNI U2', 22, 1, 2, 1, 1, 2, 6000, 0.00, 1, '2015-08-17 01:14:27'),
	(883, '1866', '金立 E6 mini', 22, 1, 2, 1, 1, 2, 0, 0.00, 1, '2015-08-17 01:14:27'),
	(884, '1898', '金立E7 Mini', 22, 1, 2, 1, 1, 2, 0, 0.00, 1, '2015-08-17 01:14:27'),
	(885, '1902', '金立 F103', 22, 1, 2, 1, 1, 2, 1000, 0.00, 1, '2015-08-17 01:14:27'),
	(886, '470', '金立E7', 22, 1, 2, 1, 1, 2, 100, 0.00, 1, '2015-08-17 01:14:27'),
	(887, '490', '金立W800', 22, 1, 2, 1, 1, 2, 0, 0.00, 1, '2015-08-17 01:14:27'),
	(888, '590', '金立E3', 22, 1, 2, 1, 1, 2, 150, 0.00, 1, '2015-08-17 01:14:27'),
	(889, '626', '金立S5.5', 22, 1, 2, 1, 1, 2, 250, 0.00, 1, '2015-08-17 01:14:27'),
	(890, '822', '金立 S5.1', 22, 1, 2, 1, 1, 2, 0, 0.00, 1, '2015-08-17 01:14:27'),
	(891, '1230', 'OPPO A31', 23, 1, 2, 1, 1, 2, 0, 0.00, 1, '2015-08-17 01:14:27'),
	(892, '1278', 'OPPO R819T', 23, 1, 2, 1, 1, 2, 1800, 0.00, 1, '2015-08-17 01:14:27'),
	(893, '1306', 'OPPO U705', 23, 1, 2, 1, 1, 2, 1350, 0.00, 1, '2015-08-17 01:14:27'),
	(894, '1342', 'OPPO R7', 23, 1, 2, 1, 1, 2, 0, 0.00, 1, '2015-08-17 01:14:27'),
	(895, '1370', 'OPPO R823T', 23, 1, 2, 1, 1, 2, 6250, 0.00, 1, '2015-08-17 01:14:27'),
	(896, '1378', 'OPPO R815T', 23, 1, 2, 1, 1, 2, 10000, 0.00, 1, '2015-08-17 01:14:27'),
	(897, '1602', 'OPPO R7 Plus', 23, 1, 2, 1, 1, 2, 0, 0.00, 1, '2015-08-17 01:14:27'),
	(898, '1626', 'OPPO A51', 23, 1, 2, 1, 1, 2, 0, 0.00, 1, '2015-08-17 01:14:27'),
	(899, '1806', 'OPPO A11', 23, 1, 2, 1, 1, 2, 0, 0.00, 1, '2015-08-17 01:14:27'),
	(900, '1854', 'OPPO R829T后膜', 23, 1, 2, 1, 1, 2, 0, 0.00, 1, '2015-08-17 01:14:27'),
	(901, '242', 'OPPO find7', 23, 1, 2, 1, 1, 2, 0, 0.00, 1, '2015-08-17 01:14:27'),
	(902, '258', 'OPPO N1', 23, 1, 2, 1, 1, 2, 600, 0.00, 1, '2015-08-17 01:14:27'),
	(903, '262', 'OPPO Find5', 23, 1, 2, 1, 1, 2, 205, 0.00, 1, '2015-08-17 01:14:27'),
	(904, '442', 'OPPO N3', 23, 1, 2, 1, 1, 2, 350, 0.00, 1, '2015-08-17 01:14:27'),
	(905, '446', 'OPPO R5', 23, 1, 2, 1, 1, 2, 145, 0.00, 1, '2015-08-17 01:14:27'),
	(906, '462', 'OPPO R1001', 23, 1, 2, 1, 1, 2, 0, 0.00, 1, '2015-08-17 01:14:27'),
	(907, '550', 'OPPO R3', 23, 1, 2, 1, 1, 2, 3674, 0.00, 1, '2015-08-17 01:14:27'),
	(908, '554', 'OPPO R827T', 23, 1, 2, 1, 1, 2, 15, 0.00, 1, '2015-08-17 01:14:27'),
	(909, '558', 'OPPO R829', 23, 1, 2, 1, 1, 2, 154, 0.00, 1, '2015-08-17 01:14:27'),
	(910, '562', 'OPPO R831', 23, 1, 2, 1, 1, 2, 74, 0.00, 1, '2015-08-17 01:14:27'),
	(911, '678', 'OPPO R3007', 23, 1, 2, 1, 1, 2, 63, 0.00, 1, '2015-08-17 01:14:27'),
	(912, '742', 'OPPO N1mini', 23, 1, 2, 1, 1, 2, 2376, 0.00, 1, '2015-08-17 01:14:27'),
	(913, '846', 'OPPO U3', 23, 1, 2, 1, 1, 2, 8150, 0.00, 1, '2015-08-17 01:14:27'),
	(914, '850', 'OPPO R1C前膜', 23, 1, 2, 1, 1, 2, 800, 0.00, 1, '2015-08-17 01:14:27'),
	(915, '854', 'OPPO R1C后膜', 23, 1, 2, 1, 1, 2, 5000, 0.00, 1, '2015-08-17 01:14:27'),
	(916, '870', 'OPPO R2017', 23, 1, 2, 1, 1, 2, 18, 0.00, 1, '2015-08-17 01:14:27'),
	(917, '914', 'OPPO U707', 23, 1, 2, 1, 1, 2, 1400, 0.00, 1, '2015-08-17 01:14:27'),
	(918, '134', '魅族mx2 ', 24, 1, 2, 1, 1, 2, 0, 0.00, 1, '2015-08-17 01:14:27'),
	(919, '1358', '魅族 MX5', 24, 1, 2, 1, 1, 2, 0, 0.00, 1, '2015-08-17 01:14:27'),
	(920, '138', '魅族mx3 ', 24, 1, 2, 1, 1, 2, 100, 0.00, 1, '2015-08-17 01:14:27'),
	(921, '1614', '魅蓝note2', 24, 1, 2, 1, 1, 2, 0, 0.00, 1, '2015-08-17 01:14:27'),
	(922, '1886', '魅蓝2', 24, 1, 2, 1, 1, 2, 0, 0.00, 1, '2015-08-17 01:14:27'),
	(923, '398', '魅族 mx4', 24, 1, 2, 1, 1, 2, 3397, 0.00, 1, '2015-08-17 01:14:27'),
	(924, '598', '魅族mx4 Pro', 24, 1, 2, 1, 1, 2, 7288, 0.00, 1, '2015-08-17 01:14:27'),
	(925, '666', '魅蓝note', 24, 1, 2, 1, 1, 2, 0, 0.00, 1, '2015-08-17 01:14:27'),
	(926, '686', '魅蓝1代', 24, 1, 2, 1, 1, 2, 5620, 0.00, 1, '2015-08-17 01:14:27'),
	(927, '1346', '小米 4i', 25, 1, 2, 1, 1, 2, 1500, 0.00, 1, '2015-08-17 01:14:27'),
	(928, '146', '小米2 ', 25, 1, 2, 1, 1, 2, 0, 0.00, 1, '2015-08-17 01:14:27'),
	(929, '150', '红米 ', 25, 1, 2, 1, 1, 2, 700, 0.00, 1, '2015-08-17 01:14:27'),
	(930, '154', '小米3  ', 25, 1, 2, 1, 1, 2, 700, 0.00, 1, '2015-08-17 01:14:27'),
	(931, '158', '红米NOTE', 25, 1, 2, 1, 1, 2, 2542, 0.00, 1, '2015-08-17 01:14:27'),
	(932, '1846', '红米 Note2', 25, 1, 2, 1, 1, 2, 0, 0.00, 1, '2015-08-17 01:14:27'),
	(933, '190', '小米4', 25, 1, 2, 1, 1, 2, 3042, 0.00, 1, '2015-08-17 01:14:27'),
	(934, '690', '红米2', 25, 1, 2, 1, 1, 2, 3431, 0.00, 1, '2015-08-17 01:14:27'),
	(935, '882', '小米note', 25, 1, 2, 1, 1, 2, 0, 0.00, 1, '2015-08-17 01:14:27'),
	(936, '1406', '乐视 1', 26, 1, 2, 1, 1, 2, 1450, 0.00, 1, '2015-08-17 01:14:27'),
	(937, '1630', '乐视1 Pro', 26, 1, 2, 1, 1, 2, 0, 0.00, 1, '2015-08-17 01:14:27'),
	(938, '1842', '乐视MAX', 26, 1, 2, 1, 1, 2, 0, 0.00, 1, '2015-08-17 01:14:27'),
	(939, '1482', 'TCL S720', 27, 1, 2, 1, 1, 2, 0, 0.00, 1, '2015-08-17 01:14:27'),
	(940, '1486', 'TCL 么么哒3S', 27, 1, 2, 1, 1, 2, 3600, 0.00, 1, '2015-08-17 01:14:27'),
	(941, '1490', 'TCL 么么哒3N', 27, 1, 2, 1, 1, 2, 4500, 0.00, 1, '2015-08-17 01:14:27'),
	(942, '1498', 'TCL S950t', 27, 1, 2, 1, 1, 2, 6850, 0.00, 1, '2015-08-17 01:14:27'),
	(943, '1502', 'TCL P620M', 27, 1, 2, 1, 1, 2, 3450, 0.00, 1, '2015-08-17 01:14:27'),
	(944, '1802', 'TCL P588L', 27, 1, 2, 1, 1, 2, 0, 0.00, 1, '2015-08-17 01:14:27'),
	(945, '1494', '朵唯 S3', 28, 1, 2, 1, 1, 2, 1800, 0.00, 1, '2015-08-17 01:14:27'),
	(946, '1506', '朵唯 S2萝莉版', 28, 1, 2, 1, 1, 2, 2500, 0.00, 1, '2015-08-17 01:14:27'),
	(947, '1522', '朵唯 L1', 28, 1, 2, 1, 1, 2, 0, 0.00, 1, '2015-08-17 01:14:27'),
	(948, '1530', '朵唯 S1', 28, 1, 2, 1, 1, 2, 2850, 0.00, 1, '2015-08-17 01:14:27'),
	(949, '1534', '朵唯 S2女王版', 28, 1, 2, 1, 1, 2, 3726, 0.00, 1, '2015-08-17 01:14:27'),
	(950, '1546', '朵唯 S2标准版', 28, 1, 2, 1, 1, 2, 3100, 0.00, 1, '2015-08-17 01:14:27'),
	(951, '1638', '朵唯 S2L', 28, 1, 2, 1, 1, 2, 0, 0.00, 1, '2015-08-17 01:14:27'),
	(952, '1642', '朵唯 T90', 28, 1, 2, 1, 1, 2, 0, 0.00, 1, '2015-08-17 01:14:27'),
	(953, '1510', '天语 touch2', 29, 1, 2, 1, 1, 2, 3050, 0.00, 1, '2015-08-17 01:14:27'),
	(954, '1518', '天语 火星1号', 29, 1, 2, 1, 1, 2, 4050, 0.00, 1, '2015-08-17 01:14:27'),
	(955, '1526', '天语 Touch 3', 29, 1, 2, 1, 1, 2, 2240, 0.00, 1, '2015-08-17 01:14:27'),
	(956, '1554', '锤子 T1', 30, 1, 2, 1, 1, 2, 4100, 0.00, 1, '2015-08-17 01:14:27'),
	(957, '1558', '纽曼 CM810', 31, 1, 2, 1, 1, 2, 0, 0.00, 1, '2015-08-17 01:14:27'),
	(958, '1798', '大可乐 3', 32, 1, 2, 1, 1, 2, 0, 0.00, 1, '2015-08-17 01:14:27'),
	(959, '358', '夏普 306', 33, 1, 2, 1, 1, 2, 1700, 0.00, 1, '2015-08-17 01:14:27'),
	(960, '100029', 'iphone5 摩', 1, 1, 1, 2, 1, 2, 165, 0.00, 1, '2015-08-17 01:14:27'),
	(961, '100002', '摩派 三星S4', 3, 1, 1, 2, 1, 2, 1000, 0.00, 1, '2015-08-17 01:14:27'),
	(962, '04', '摩派 三星 note2', 4, 1, 1, 2, 1, 2, 0, 0.00, 1, '2015-08-17 01:14:27'),
	(963, '20', '摩派iphone6(4.7寸)', 4, 1, 1, 2, 1, 2, 0, 0.00, 1, '2015-08-17 01:14:27'),
	(964, '24', '摩派iphone6 PLUS', 4, 1, 1, 2, 1, 2, 0, 0.00, 1, '2015-08-17 01:14:27'),
	(965, '40', '摩派LG LS740', 4, 1, 1, 2, 1, 2, 0, 0.00, 1, '2015-08-17 01:14:27'),
	(966, '100011', 'moto g3  摩', 9, 1, 1, 2, 1, 2, 1019, 0.00, 1, '2015-08-17 01:14:27'),
	(967, '100012', '京瓷6740 摩', 10, 1, 1, 2, 1, 2, 232, 0.00, 1, '2015-08-17 01:14:27'),
	(968, '100018', 'LG vs880  摩', 11, 1, 1, 2, 1, 2, 210, 0.00, 1, '2015-08-17 01:14:27'),
	(969, '100028', 'LG C40  摩', 11, 1, 1, 2, 1, 2, 1160, 0.00, 1, '2015-08-17 01:14:27'),
	(970, '100007', 'iphone6(4.7寸)蓝光膜', 1, 1, 1, 3, 1, 2, 8890, 0.00, 1, '2015-08-17 01:14:27'),
	(971, '100008', 'iphone6(5.5寸)蓝光膜', 1, 1, 1, 3, 1, 2, 2100, 0.00, 1, '2015-08-17 01:14:27'),
	(972, '100009', 'iphone5 蓝光膜', 1, 1, 1, 3, 1, 2, 13363, 0.00, 1, '2015-08-17 01:14:27'),
	(973, '100013', 'iphone6(5.5寸) MP', 1, 1, 1, 4, 1, 2, 0, 0.00, 1, '2015-08-17 01:14:27'),
	(974, '100019', 'iphone6(4.7寸) MP', 1, 1, 1, 4, 1, 2, 0, 0.00, 1, '2015-08-17 01:14:27'),
	(975, '100027', 'HTC 626   MP', 2, 1, 1, 4, 1, 2, 676, 0.00, 1, '2015-08-17 01:14:27'),
	(976, '100025', '三星S5   MP', 3, 1, 1, 4, 1, 2, 260, 0.00, 1, '2015-08-17 01:14:27'),
	(977, '100032', '阿尔卡特 7046  MP', 16, 1, 1, 4, 1, 2, 308, 0.00, 1, '2015-08-17 01:14:27'),
	(978, '100026', '三星note5  摩', 3, 1, 1, 5, 1, 2, 1018, 0.00, 1, '2015-08-17 01:14:27'),
	(979, '100014', 'moto xt1254  摩', 9, 1, 1, 5, 1, 2, 365, 0.00, 1, '2015-08-17 01:14:27'),
	(980, '100015', '三星9082 无标', 3, 1, 1, 6, 1, 2, 0, 0.00, 1, '2015-08-17 01:14:27'),
	(981, '100017', '三星9200 无标', 3, 1, 1, 6, 1, 2, 800, 0.00, 1, '2015-08-17 01:14:27'),
	(982, '100016', '索尼Z3 无标', 7, 1, 1, 6, 1, 2, 0, 0.00, 1, '2015-08-17 01:14:27'),
	(983, '100020', '步步高Y18  无标', 12, 1, 1, 6, 1, 2, 166, 0.00, 1, '2015-08-17 01:14:27'),
	(984, '100033', '步步高 Xshot', 12, 1, 1, 6, 1, 2, 0, 0.00, 1, '2015-08-17 01:14:27'),
	(985, '100021', '谷歌5   无标', 13, 1, 1, 6, 1, 2, 49, 0.00, 1, '2015-08-17 01:14:27'),
	(986, '100022', '酷派Note 无标', 14, 1, 1, 6, 1, 2, 49, 0.00, 1, '2015-08-17 01:14:27'),
	(987, '374', 'ipad 2 平板', 1, 2, 2, 1, 1, NULL, 1942, NULL, 1, '2015-08-17 01:14:27'),
	(988, '382', 'ipad5 平板', 1, 2, 2, 1, 1, NULL, 3487, NULL, 1, '2015-08-17 01:14:27'),
	(989, '1090', '三星P3100 平板', 3, 2, 2, 1, 1, NULL, 87, NULL, 1, '2015-08-17 01:14:27'),
	(990, '1094', '三星P600 平板', 3, 2, 2, 1, 1, NULL, 473, NULL, 1, '2015-08-17 01:14:27'),
	(991, '186', '三星 T210 平板\n', 3, 2, 2, 1, 1, NULL, 1978, NULL, 1, '2015-08-17 01:14:27'),
	(992, '206', '三星 T800 平板', 3, 2, 2, 1, 1, NULL, 21, NULL, 1, '2015-08-17 01:14:27'),
	(993, '226', '三星T110平板', 3, 2, 2, 1, 1, NULL, 2386, NULL, 1, '2015-08-17 01:14:27'),
	(994, '238', '三星 T700 平板', 3, 2, 2, 1, 1, NULL, 1638, NULL, 1, '2015-08-17 01:14:27'),
	(995, '334', '三星T320 平板 ', 3, 2, 2, 1, 1, NULL, 2290, NULL, 1, '2015-08-17 01:14:27'),
	(996, '502', '三星T530平板', 3, 2, 2, 1, 1, NULL, 2272, NULL, 1, '2015-08-17 01:14:27'),
	(997, '510', '三星P5200平板', 3, 2, 2, 1, 1, NULL, 1365, NULL, 1, '2015-08-17 01:14:27'),
	(998, '518', '三星T310平板', 3, 2, 2, 1, 1, NULL, 805, NULL, 1, '2015-08-17 01:14:27'),
	(999, '834', '三星T330平板', 3, 2, 2, 1, 1, NULL, 1765, NULL, 1, '2015-08-17 01:14:27');
/*!40000 ALTER TABLE `t_product` ENABLE KEYS */;


-- 导出  表 kcgl.t_product_in 结构
DROP TABLE IF EXISTS `t_product_in`;
CREATE TABLE IF NOT EXISTS `t_product_in` (
  `id` int(11) NOT NULL AUTO_INCREMENT,
  `product_id` int(11) NOT NULL,
  `in_type_id` int(11) NOT NULL COMMENT '入库类型',
  `price` decimal(10,0) NOT NULL,
  `amount` int(11) NOT NULL,
  `create_user_id` int(11) NOT NULL,
  `create_time` timestamp NOT NULL DEFAULT CURRENT_TIMESTAMP,
  PRIMARY KEY (`id`)
) ENGINE=InnoDB DEFAULT CHARSET=utf8 COMMENT='入库单';

-- 正在导出表  kcgl.t_product_in 的数据：~0 rows (大约)
DELETE FROM `t_product_in`;
/*!40000 ALTER TABLE `t_product_in` DISABLE KEYS */;
/*!40000 ALTER TABLE `t_product_in` ENABLE KEYS */;


-- 导出  表 kcgl.t_product_out 结构
DROP TABLE IF EXISTS `t_product_out`;
CREATE TABLE IF NOT EXISTS `t_product_out` (
  `id` int(11) NOT NULL AUTO_INCREMENT,
  `bill_id` int(11) NOT NULL,
  `product_id` int(11) NOT NULL,
  `identify_id` double DEFAULT NULL,
  `quantity_id` int(11) NOT NULL DEFAULT '0',
  `manufactor_id` int(11) NOT NULL,
  `cust_id` int(20) NOT NULL,
  `amount` int(20) NOT NULL,
  `stock_price` double NOT NULL COMMENT '出厂价',
  `price` double NOT NULL COMMENT '出售价格',
  `money` double NOT NULL,
  `create_time` timestamp NOT NULL DEFAULT CURRENT_TIMESTAMP ON UPDATE CURRENT_TIMESTAMP,
  `create_user_id` int(11) NOT NULL,
  `status` int(1) NOT NULL DEFAULT '0',
  PRIMARY KEY (`id`)
) ENGINE=InnoDB DEFAULT CHARSET=utf8 COMMENT='出库单';

-- 正在导出表  kcgl.t_product_out 的数据：~0 rows (大约)
DELETE FROM `t_product_out`;
/*!40000 ALTER TABLE `t_product_out` DISABLE KEYS */;
/*!40000 ALTER TABLE `t_product_out` ENABLE KEYS */;


-- 导出  表 kcgl.t_product_query_times 结构
DROP TABLE IF EXISTS `t_product_query_times`;
CREATE TABLE IF NOT EXISTS `t_product_query_times` (
  `id` int(11) NOT NULL AUTO_INCREMENT,
  `product_id` int(11) NOT NULL,
  `create_user_id` int(11) NOT NULL,
  `create_time` timestamp NOT NULL DEFAULT CURRENT_TIMESTAMP,
  PRIMARY KEY (`id`)
) ENGINE=InnoDB AUTO_INCREMENT=5 DEFAULT CHARSET=utf8;

-- 正在导出表  kcgl.t_product_query_times 的数据：~4 rows (大约)
DELETE FROM `t_product_query_times`;
/*!40000 ALTER TABLE `t_product_query_times` DISABLE KEYS */;
INSERT INTO `t_product_query_times` (`id`, `product_id`, `create_user_id`, `create_time`) VALUES
	(1, 1, 1, '2015-08-17 01:16:21'),
	(2, 960, 1, '2015-08-17 01:16:21'),
	(3, 972, 1, '2015-08-17 01:16:21'),
	(4, 487, 1, '2015-08-17 01:16:22');
/*!40000 ALTER TABLE `t_product_query_times` ENABLE KEYS */;


-- 导出  表 kcgl.t_quantity 结构
DROP TABLE IF EXISTS `t_quantity`;
CREATE TABLE IF NOT EXISTS `t_quantity` (
  `id` int(11) NOT NULL AUTO_INCREMENT,
  `name` varchar(200) NOT NULL,
  PRIMARY KEY (`id`)
) ENGINE=InnoDB AUTO_INCREMENT=3 DEFAULT CHARSET=utf8;

-- 正在导出表  kcgl.t_quantity 的数据：~2 rows (大约)
DELETE FROM `t_quantity`;
/*!40000 ALTER TABLE `t_quantity` DISABLE KEYS */;
INSERT INTO `t_quantity` (`id`, `name`) VALUES
	(1, 'A品'),
	(2, 'B品');
/*!40000 ALTER TABLE `t_quantity` ENABLE KEYS */;


-- 导出  表 kcgl.t_right 结构
DROP TABLE IF EXISTS `t_right`;
CREATE TABLE IF NOT EXISTS `t_right` (
  `id` int(11) NOT NULL AUTO_INCREMENT,
  `name` varchar(200) DEFAULT '0',
  `description` text,
  PRIMARY KEY (`id`)
) ENGINE=InnoDB AUTO_INCREMENT=5 DEFAULT CHARSET=utf8;

-- 正在导出表  kcgl.t_right 的数据：~4 rows (大约)
DELETE FROM `t_right`;
/*!40000 ALTER TABLE `t_right` DISABLE KEYS */;
INSERT INTO `t_right` (`id`, `name`, `description`) VALUES
	(1, '超级管理员', '所有权限；包括增减用户及用户权限设置。'),
	(2, '财务', '出厂价录入、各类报表下载。'),
	(3, '仓库', '产品入库及出库。'),
	(4, '业务', '库存查询');
/*!40000 ALTER TABLE `t_right` ENABLE KEYS */;


-- 导出  表 kcgl.t_right_func 结构
DROP TABLE IF EXISTS `t_right_func`;
CREATE TABLE IF NOT EXISTS `t_right_func` (
  `id` int(11) NOT NULL AUTO_INCREMENT,
  `right_id` int(11) NOT NULL,
  `func_id` int(11) NOT NULL,
  PRIMARY KEY (`id`)
) ENGINE=InnoDB AUTO_INCREMENT=116 DEFAULT CHARSET=utf8;

-- 正在导出表  kcgl.t_right_func 的数据：~16 rows (大约)
DELETE FROM `t_right_func`;
/*!40000 ALTER TABLE `t_right_func` DISABLE KEYS */;
INSERT INTO `t_right_func` (`id`, `right_id`, `func_id`) VALUES
	(99, 1, 1),
	(100, 1, 2),
	(101, 1, 3),
	(102, 1, 4),
	(103, 1, 5),
	(104, 1, 6),
	(105, 1, 7),
	(106, 1, 8),
	(107, 1, 9),
	(108, 1, 10),
	(109, 1, 11),
	(110, 1, 12),
	(111, 2, 6),
	(112, 3, 3),
	(114, 4, 11),
	(115, 4, 12);
/*!40000 ALTER TABLE `t_right_func` ENABLE KEYS */;


-- 导出  表 kcgl.t_tech 结构
DROP TABLE IF EXISTS `t_tech`;
CREATE TABLE IF NOT EXISTS `t_tech` (
  `id` int(11) NOT NULL AUTO_INCREMENT,
  `name` varchar(100) NOT NULL,
  PRIMARY KEY (`id`)
) ENGINE=InnoDB AUTO_INCREMENT=4 DEFAULT CHARSET=utf8 COMMENT='工艺';

-- 正在导出表  kcgl.t_tech 的数据：~2 rows (大约)
DELETE FROM `t_tech`;
/*!40000 ALTER TABLE `t_tech` DISABLE KEYS */;
INSERT INTO `t_tech` (`id`, `name`) VALUES
	(1, '2.5D'),
	(2, '0.4');
/*!40000 ALTER TABLE `t_tech` ENABLE KEYS */;


-- 导出  表 kcgl.t_thickness 结构
DROP TABLE IF EXISTS `t_thickness`;
CREATE TABLE IF NOT EXISTS `t_thickness` (
  `id` int(11) NOT NULL AUTO_INCREMENT,
  `name` varchar(100) NOT NULL,
  PRIMARY KEY (`id`)
) ENGINE=InnoDB AUTO_INCREMENT=3 DEFAULT CHARSET=utf8 COMMENT='厚度';

-- 正在导出表  kcgl.t_thickness 的数据：~2 rows (大约)
DELETE FROM `t_thickness`;
/*!40000 ALTER TABLE `t_thickness` DISABLE KEYS */;
INSERT INTO `t_thickness` (`id`, `name`) VALUES
	(1, '0.33'),
	(2, '0.4');
/*!40000 ALTER TABLE `t_thickness` ENABLE KEYS */;


-- 导出  表 kcgl.t_user 结构
DROP TABLE IF EXISTS `t_user`;
CREATE TABLE IF NOT EXISTS `t_user` (
  `id` int(11) NOT NULL AUTO_INCREMENT,
  `username` varchar(100) NOT NULL,
  `password` varchar(100) NOT NULL,
  `realname` varchar(10) NOT NULL,
  `status` int(1) NOT NULL COMMENT '0-true,1-false',
  `manufactor_id` int(11) NOT NULL COMMENT '用户所属工厂',
  `createTime` timestamp NOT NULL DEFAULT CURRENT_TIMESTAMP,
  `updateTime` timestamp NULL DEFAULT NULL,
  PRIMARY KEY (`id`),
  UNIQUE KEY `name` (`username`),
  KEY `id` (`id`)
) ENGINE=InnoDB AUTO_INCREMENT=29 DEFAULT CHARSET=utf8;

-- 正在导出表  kcgl.t_user 的数据：~25 rows (大约)
DELETE FROM `t_user`;
/*!40000 ALTER TABLE `t_user` DISABLE KEYS */;
INSERT INTO `t_user` (`id`, `username`, `password`, `realname`, `status`, `manufactor_id`, `createTime`, `updateTime`) VALUES
	(1, 'admin', 'admin', 'admin', 0, 0, '2015-08-01 23:02:19', '2015-08-01 23:26:39'),
	(5, '王丹', '123456', '王丹', 0, 2, '2015-08-01 23:00:58', '2015-08-16 09:37:59'),
	(6, '罗恒', '123456', '罗恒', 0, 0, '2015-08-01 23:00:58', '2015-08-01 23:00:58'),
	(7, '罗龙跃', '123456', '罗龙跃', 0, 0, '2015-08-01 23:00:58', '2015-08-01 23:00:58'),
	(8, '粟亚辉', '123456', '粟亚辉', 0, 0, '2015-08-01 23:00:58', '2015-08-01 23:00:58'),
	(9, '陈小翠', '123456', '陈小翠', 0, 0, '2015-08-01 23:00:58', '2015-08-01 23:00:58'),
	(10, '杨淑凤', '123456', '杨淑凤', 0, 0, '2015-08-01 23:00:58', '2015-08-01 23:00:58'),
	(11, '唐晓娟', '123456', '唐晓娟', 0, 0, '2015-08-01 23:00:58', '2015-08-01 23:00:58'),
	(12, '冉兰兰', '123456', '冉兰兰', 0, 0, '2015-08-01 23:00:58', '2015-08-01 23:00:58'),
	(13, '李思松', '123456', '李思松', 0, 0, '2015-08-01 23:00:58', '2015-08-01 23:00:58'),
	(14, '钟海燕', '123456', '钟海燕', 0, 0, '2015-08-01 23:00:58', '2015-08-01 23:00:58'),
	(15, '钟意', '123456', '钟意', 0, 0, '2015-08-01 23:00:58', '2015-08-01 23:00:58'),
	(16, '柳丽芳', '123456', '柳丽芳', 0, 0, '2015-08-01 23:00:58', '2015-08-01 23:00:58'),
	(17, '陈兴隆', '123456', '陈兴隆', 0, 0, '2015-08-01 23:00:58', '2015-08-01 23:00:58'),
	(18, '李华明', '123456', '李华明', 0, 0, '2015-08-01 23:00:59', '2015-08-01 23:00:59'),
	(19, '司萌萌', '123456', '司萌萌', 0, 0, '2015-08-01 23:00:59', '2015-08-01 23:00:59'),
	(20, '万幸', '123456', '万幸', 0, 0, '2015-08-01 23:00:59', '2015-08-01 23:00:59'),
	(21, '向林丽', '123456', '向林丽', 0, 0, '2015-08-01 23:00:59', '2015-08-01 23:00:59'),
	(22, '邓琼', '123456', '邓琼', 0, 0, '2015-08-01 23:00:59', '2015-08-01 23:00:59'),
	(23, '周美丽', '123456', '周美丽', 0, 0, '2015-08-01 23:00:59', '2015-08-01 23:00:59'),
	(24, '罗成', '123456', '罗成', 0, 0, '2015-08-01 23:00:59', '2015-08-01 23:00:59'),
	(25, '万丽霞', '123456', '万丽霞', 0, 1, '2015-08-01 23:00:59', '2015-08-09 23:17:19'),
	(26, '罗越新', '123456', '罗越新', 0, 0, '2015-08-01 23:00:59', '2015-08-01 23:00:59'),
	(27, '阎光宇', '123456', '阎光宇', 0, 0, '2015-08-01 23:00:59', '2015-08-01 23:00:59'),
	(28, '罗显艳', '123456', '罗显艳', 0, 0, '2015-08-01 23:00:59', '2015-08-01 23:00:59');
/*!40000 ALTER TABLE `t_user` ENABLE KEYS */;


-- 导出  表 kcgl.t_user_right 结构
DROP TABLE IF EXISTS `t_user_right`;
CREATE TABLE IF NOT EXISTS `t_user_right` (
  `id` int(11) NOT NULL AUTO_INCREMENT,
  `user_id` int(11) NOT NULL,
  `right_id` int(11) NOT NULL,
  PRIMARY KEY (`id`)
) ENGINE=InnoDB AUTO_INCREMENT=156 DEFAULT CHARSET=utf8;

-- 正在导出表  kcgl.t_user_right 的数据：~25 rows (大约)
DELETE FROM `t_user_right`;
/*!40000 ALTER TABLE `t_user_right` DISABLE KEYS */;
INSERT INTO `t_user_right` (`id`, `user_id`, `right_id`) VALUES
	(13, 1, 1),
	(14, 5, 1),
	(22, 6, 2),
	(23, 7, 2),
	(24, 8, 2),
	(25, 9, 2),
	(32, 10, 3),
	(33, 11, 3),
	(34, 12, 3),
	(35, 13, 3),
	(141, 18, 4),
	(142, 19, 4),
	(143, 20, 4),
	(144, 21, 4),
	(145, 22, 4),
	(146, 23, 4),
	(147, 24, 4),
	(148, 25, 4),
	(149, 26, 4),
	(150, 27, 4),
	(151, 28, 4),
	(152, 15, 4),
	(153, 14, 4),
	(154, 17, 4),
	(155, 16, 4);
/*!40000 ALTER TABLE `t_user_right` ENABLE KEYS */;
/*!40101 SET SQL_MODE=IFNULL(@OLD_SQL_MODE, '') */;
/*!40014 SET FOREIGN_KEY_CHECKS=IF(@OLD_FOREIGN_KEY_CHECKS IS NULL, 1, @OLD_FOREIGN_KEY_CHECKS) */;
/*!40101 SET CHARACTER_SET_CLIENT=@OLD_CHARACTER_SET_CLIENT */;
